saison;spieltag;spiel;tore_mannschaft1;tore_mannschaft2
22/23;1;1;25;22
22/23;1;2;26;30
22/23;1;3;31;27
22/23;1;4;30;31
22/23;1;5;36;25
22/23;1;6;31;23
22/23;1;7;36;23
22/23;1;8;34;27
22/23;1;9;25;28
22/23;2;1;36;23
22/23;2;2;22;32
22/23;2;3;25;37
22/23;2;4;34;31
22/23;2;5;22;23
22/23;2;6;30;27
22/23;2;7;27;29
22/23;2;8;30;35
22/23;2;9;28;30
22/23;3;1;25;35
22/23;3;2;31;21
22/23;3;3;28;28
22/23;3;4;35;29
22/23;3;5;34;28
22/23;3;6;29;28
22/23;3;7;27;21
22/23;3;8;32;28
22/23;3;9;30;24
22/23;4;1;31;31
22/23;4;2;32;28
22/23;4;3;29;32
22/23;4;4;30;43
22/23;4;5;26;31
22/23;4;6;28;31
22/23;4;7;22;23
22/23;4;8;29;30
22/23;4;9;18;34
22/23;5;1;37;26 
22/23;5;2;29;24
22/23;5;3;33;23
22/23;5;4;28;27
22/23;5;5;25;25
22/23;5;6;27;29
22/23;5;7;39;25
22/23;5;8;29;29
22/23;5;9;34;34
22/23;6;1;32;29 
22/23;6;2;32;28
22/23;6;3;26;27
22/23;6;4;34;35
22/23;6;5;23;29
22/23;6;6;35;34
22/23;6;7;29;32
22/23;6;8;29;28
22/23;6;9;40;28
22/23;7;1;28;27 
22/23;7;2;37;25
22/23;7;3;32;24
22/23;7;4;30;27
22/23;7;5;32;28
22/23;7;6;34;26
22/23;7;7;27;23
22/23;7;8;26;21
22/23;7;9;36;36
22/23;8;1;29;25 
22/23;8;2;27;24
22/23;8;3;25;32
22/23;8;4;32;29
22/23;8;5;21;19
22/23;8;6;26;31
22/23;8;7;29;20
22/23;8;8;34;31
22/23;9;1;24;25 
22/23;9;2;18;28
22/23;9;3;26;22
22/23;9;4;29;27
22/23;9;5;22;27
22/23;9;6;32;24
22/23;9;7;32;31
22/23;9;8;28;32
21/22;1;1;33;24
21/22;1;2;26;26
21/22;1;3;19;15
21/22;1;4;18;31
21/22;1;5;27;28
21/22;1;6;33;29
21/22;1;7;24;28
21/22;1;8;29;24
21/22;1;9;20;24
21/22;2;1;27;27
21/22;2;2;27;21
21/22;2;3;26;33
21/22;2;4;25;28
21/22;2;5;25;30
21/22;2;6;27;25
21/22;2;7;27;24
21/22;2;8;31;26
21/22;2;9;22;34
21/22;3;1;30;26
21/22;3;2;25;33
21/22;3;3;26;27
21/22;3;4;27;34
21/22;3;5;30;22
21/22;3;6;33;23
21/22;3;7;28;20
21/22;3;8;33;27
21/22;3;9;32;27
21/22;4;1;27;27
21/22;4;2;26;25
21/22;4;3;25;31
21/22;4;4;17;28
21/22;4;5;20;30
21/22;4;6;37;32
21/22;4;7;23;22
21/22;4;8;38;16
21/22;4;9;27;19
21/22;5;1;30;28
21/22;5;2;38;28
21/22;5;3;27;24
21/22;5;4;31;23
21/22;5;5;17;34
21/22;5;6;23;25
21/22;5;7;34;25
21/22;5;8;35;30
21/22;5;9;35;30
21/22;6;1;24;27
21/22;6;2;28;28
21/22;6;3;28;26
21/22;6;4;24;28
21/22;6;5;18;23
21/22;6;6;28;28
21/22;6;7;27;33
21/22;6;8;33;24
21/22;6;9;25;25
21/22;7;1;22;25
21/22;7;2;26;26
21/22;7;3;20;21
21/22;7;4;33;28
21/22;7;5;21;21
21/22;7;6;27;26
21/22;7;7;31;27
21/22;7;8;17;27
21/22;7;9;28;28
21/22;8;1;26;24
21/22;8;2;29;20
21/22;8;3;31;35
21/22;8;4;23;28
21/22;8;5;27;29
21/22;8;6;30;29
21/22;8;7;30;22
21/22;8;8;29;30
21/22;8;9;29;32
21/22;9;1;30;29
21/22;9;2;34;23
21/22;9;3;30;20
21/22;9;4;29;25
21/22;9;5;30;30
21/22;9;6;28;27
21/22;9;7;27;28
21/22;9;8;35;34
21/22;9;9;26;25
21/22;10;1;26;34
21/22;10;2;28;23
21/22;10;3;30;33
21/22;10;4;25;29
21/22;10;5;29;25
21/22;10;6;24;25
21/22;10;7;32;25
21/22;10;8;24;23
21/22;10;9;23;25
21/22;11;1;29;23
21/22;11;2;30;33
21/22;11;3;26;28
21/22;11;4;31;26
21/22;11;5;29;33
21/22;11;6;31;24
21/22;11;7;30;26
21/22;11;8;23;22
21/22;11;9;30;28
21/22;12;1;31;27
21/22;12;2;33;21
21/22;12;3;25;25
21/22;12;4;28;28
21/22;12;5;32;32
21/22;12;6;22;26
21/22;12;7;26;38
21/22;12;8;26;31
21/22;12;9;38;20
21/22;13;1;25;24
21/22;13;2;27;32
21/22;13;3;26;30
21/22;13;4;29;27
21/22;13;5;32;17
21/22;13;6;32;28
21/22;13;7;27;25
21/22;13;8;31;33
21/22;13;9;26;31
21/22;14;1;31;24
21/22;14;2;35;31
21/22;14;3;24;29
21/22;14;4;23;32
21/22;14;5;29;25
21/22;14;6;22;21
21/22;14;7;31;28
21/22;14;8;34;25
21/22;14;9;24;29
21/22;15;1;24;27
21/22;15;2;27;31
21/22;15;3;25;21
21/22;15;4;25;34
21/22;15;5;27;23
21/22;15;6;32;29
21/22;15;7;31;21
21/22;15;8;34;30
21/22;15;9;34;26
21/22;16;1;35;25
21/22;16;2;37;40
21/22;16;3;24;27
21/22;16;4;25;23
21/22;16;5;24;31
21/22;16;6;30;28
21/22;16;7;25;26
21/22;16;8;29;27
21/22;16;9;23;23
21/22;17;1;35;31
21/22;17;2;27;24
21/22;17;3;32;34
21/22;17;4;36;26
21/22;17;5;23;24
21/22;17;6;34;26
21/22;17;7;26;26
21/22;17;8;27;27
21/22;17;9;23;28
21/22;18;1;30;27
21/22;18;2;34;32
21/22;18;3;23;23
21/22;18;4;32;19
21/22;18;5;25;31
21/22;18;6;28;29
21/22;18;7;25;28
21/22;18;8;26;27
21/22;18;9;24;16
21/22;19;1;33;27
21/22;19;2;25;29
21/22;19;3;28;19
21/22;19;4;23;20
21/22;19;5;29;29
21/22;19;6;27;22
21/22;19;7;29;42
21/22;19;8;29;27
21/22;19;9;32;31
21/22;20;1;30;20
21/22;20;2;28;21
21/22;20;3;26;26
21/22;20;4;20;30
21/22;20;5;27;30
21/22;20;6;24;26
21/22;20;7;33;26
21/22;20;8;23;23
21/22;20;9;33;30
21/22;21;1;37;26
21/22;21;2;22;26
21/22;21;3;26;30
21/22;21;4;26;29
21/22;21;5;29;22
21/22;21;6;26;25
21/22;21;7;32;27
21/22;21;8;26;21
21/22;21;9;28;31
21/22;22;1;22;22
21/22;22;2;27;26
21/22;22;3;25;44
21/22;22;4;34;24
21/22;22;5;31;31
21/22;22;6;27;30
21/22;22;7;26;32
21/22;22;8;29;34
21/22;22;9;31;25
21/22;23;1;26;22
21/22;23;2;26;26
21/22;23;3;31;33
21/22;23;4;27;31
21/22;23;5;38;25
21/22;23;6;25;24
21/22;23;7;29;22
21/22;23;8;25;31
21/22;23;9;37;31
21/22;24;1;25;23
21/22;24;2;19;21
21/22;24;3;30;29
21/22;24;4;29;28
21/22;24;5;27;31
21/22;24;6;35;21
21/22;24;7;29;26
21/22;24;8;29;27
21/22;24;9;27;30
21/22;25;1;33;23
21/22;25;2;29;24
21/22;25;3;23;25
21/22;25;4;22;31
21/22;25;5;23;27
21/22;25;6;25;30
21/22;25;7;26;32
21/22;25;8;25;21
21/22;25;9;23;27
21/22;26;1;30;22
21/22;26;2;34;29
21/22;26;3;23;28
21/22;26;4;29;29
21/22;26;5;20;32
21/22;26;6;27;28
21/22;26;7;23;31
21/22;26;8;24;33
21/22;26;9;27;24
21/22;27;1;28;34
21/22;27;2;24;26
21/22;27;3;29;25
21/22;27;4;30;23
21/22;27;5;25;28
21/22;27;6;26;29
21/22;27;7;30;19
21/22;27;8;32;32
21/22;27;9;27;30
21/22;28;1;29;21
21/22;28;2;33;22
21/22;28;3;33;23
21/22;28;4;27;33
21/22;28;5;28;27
21/22;28;6;22;29
21/22;28;7;27;25
21/22;28;8;22;28
21/22;28;9;29;25
21/22;29;1;26;21
21/22;29;2;22;29
21/22;29;3;20;31
21/22;29;4;28;30
21/22;29;5;36;38
21/22;29;6;25;26
21/22;29;7;24;22
21/22;29;8;29;32
21/22;29;9;32;24
21/22;30;1;31;27
21/22;30;2;26;30
21/22;30;3;24;23
21/22;30;4;24;28
21/22;30;5;25;26
21/22;30;6;34;25
21/22;30;7;33;26
21/22;30;8;32;23
21/22;30;9;26;28
21/22;31;1;28;23
21/22;31;2;18;23
21/22;31;3;26;26
21/22;31;4;24;28
21/22;31;5;27;28
21/22;31;6;22;26
21/22;31;7;25;31
21/22;31;8;22;27
21/22;31;9;22;32
21/22;32;1;31;26
21/22;32;2;30;28
21/22;32;3;29;31
21/22;32;4;24;31
21/22;32;5;24;37
21/22;32;6;29;22
21/22;32;7;28;27
21/22;32;8;35;25
21/22;32;9;30;25
21/22;33;1;21;24
21/22;33;2;26;33
21/22;33;3;27;22
21/22;33;4;33;33
21/22;33;5;23;23
21/22;33;6;22;21
21/22;33;7;21;20
21/22;33;8;27;32
21/22;33;9;31;36
21/22;34;1;42;35
21/22;34;2;37;34
21/22;34;3;26;26
21/22;34;4;22;28
21/22;34;5;30;28
21/22;34;6;28;24
21/22;34;7;28;25
21/22;34;8;26;22
21/22;34;9;33;26
20/21;1;1;27;31
20/21;1;2;26;25
20/21;1;3;27;19
20/21;1;4;33;26
20/21;1;5;20;25
20/21;1;6;36;30
20/21;1;7;30;20
20/21;1;8;27;29
20/21;1;9;23;25
20/21;1;10;28;32
20/21;2;1;34;31
20/21;2;2;22;32
20/21;2;3;27;21
20/21;2;4;28;23
20/21;2;5;24;26
20/21;2;6;22;29
20/21;2;7;33;26
20/21;2;8;31;23
20/21;2;9;29;25
20/21;2;10;24;29
20/21;3;1;28;22
20/21;3;2;27;23
20/21;3;3;24;22
20/21;3;4;31;22
20/21;3;5;28;30
20/21;3;6;24;24
20/21;3;7;29;24
20/21;3;8;33;27
20/21;3;9;31;21
20/21;3;10;26;31
20/21;4;1;23;28
20/21;4;2;31;27
20/21;4;3;29;22
20/21;4;4;22;28
20/21;4;5;24;24
20/21;4;6;29;21
20/21;4;7;27;27
20/21;4;8;26;26
20/21;4;9;26;29
20/21;4;10;33;27
20/21;5;1;30;30
20/21;5;2;22;25
20/21;5;3;31;23
20/21;5;4;26;27
20/21;5;5;29;35
20/21;5;6;25;33
20/21;5;7;32;22
20/21;5;8;29;30
20/21;5;9;20;26
20/21;5;10;31;26
20/21;6;1;28;28
20/21;6;2;30;24
20/21;6;3;27;27
20/21;6;4;20;26
20/21;6;5;25;30
20/21;6;6;36;27
20/21;6;7;41;26
20/21;6;8;35;28
20/21;6;9;33;28
20/21;6;10;26;28
20/21;7;1;31;33
20/21;7;2;26;32
20/21;7;3;34;25
20/21;7;4;27;24
20/21;7;5;31;22
20/21;7;6;31;25
20/21;7;7;29;36
20/21;7;8;32;26
20/21;7;9;26;23
20/21;7;10;36;20
20/21;8;1;26;18
20/21;8;2;31;26
20/21;8;3;26;30
20/21;8;4;27;32
20/21;8;5;26;33
20/21;8;6;33;30
20/21;8;7;20;20
20/21;8;8;29;33
20/21;8;9;24;28
20/21;8;10;24;27
20/21;9;1;29;11
20/21;9;2;32;34
20/21;9;3;20;29
20/21;9;4;29;31
20/21;9;5;41;26
20/21;9;6;34;30
20/21;9;7;32;32
20/21;9;8;34;28
20/21;9;9;31;23
20/21;9;10;26;26
20/21;10;1;37;24
20/21;10;2;36;24
20/21;10;3;30;24
20/21;10;4;24;23
20/21;10;5;25;32
20/21;10;6;33;29
20/21;10;7;28;31
20/21;10;8;25;32
20/21;10;9;26;26
20/21;10;10;32;31
20/21;11;1;28;24
20/21;11;2;30;29
20/21;11;3;32;30
20/21;11;4;30;22
20/21;11;5;29;19
20/21;11;6;30;23
20/21;11;7;25;29
20/21;11;8;30;28
20/21;11;9;30;25
20/21;11;10;24;29
20/21;12;1;27;32
20/21;12;2;32;28
20/21;12;3;36;29
20/21;12;4;30;26
20/21;12;5;21;21
20/21;12;6;23;34
20/21;12;7;31;31
20/21;12;8;26;26
20/21;12;9;26;39
20/21;12;10;27;31
20/21;13;1;31;25
20/21;13;2;36;26
20/21;13;3;28;23
20/21;13;4;24;28
20/21;13;5;36;30
20/21;13;6;35;28
20/21;13;7;36;26
20/21;13;8;28;19
20/21;13;9;21;29
20/21;13;10;29;28
20/21;14;1;29;26
20/21;14;2;28;27
20/21;14;3;27;34
20/21;14;4;21;21
20/21;14;5;20;29
20/21;14;6;29;27
20/21;14;7;24;23
20/21;14;8;28;20
20/21;14;9;23;30
20/21;14;10;19;28
20/21;15;1;33;23
20/21;15;2;23;20
20/21;15;3;23;23
20/21;15;4;24;24
20/21;15;5;32;23
20/21;15;6;31;23
20/21;15;7;29;27
20/21;15;8;35;29
20/21;15;9;28;30
20/21;15;10;34;27
20/21;16;1;26;30
20/21;16;2;33;25
20/21;16;3;24;29
20/21;16;4;39;24
20/21;16;5;23;29
20/21;16;6;29;36
20/21;16;7;35;29
20/21;16;8;33;29
20/21;16;9;27;30
20/21;16;10;22;33
20/21;17;1;20;27
20/21;17;2;23;29
20/21;17;3;30;23
20/21;17;4;24;22
20/21;17;5;31;22
20/21;17;6;28;28
20/21;17;7;33;26
20/21;17;8;31;21
20/21;17;9;25;26
20/21;17;10;33;30
20/21;18;1;26;29
20/21;18;2;34;26
20/21;18;3;28;35
20/21;18;4;30;27
20/21;18;5;26;33
20/21;18;6;29;28
20/21;18;7;34;32
20/21;18;8;29;30
20/21;18;9;29;30
20/21;18;10;25;30
20/21;19;1;31;28
20/21;19;2;26;24
20/21;19;3;27;17
20/21;19;4;27;27
20/21;19;5;27;26
20/21;19;6;23;29
20/21;19;7;24;24
20/21;19;8;27;27
20/21;19;9;30;22
20/21;19;10;25;26
20/21;20;1;31;29
20/21;20;2;25;26
20/21;20;3;27;27
20/21;20;4;27;23
20/21;20;5;32;22
20/21;20;6;31;32
20/21;20;7;28;29
20/21;20;8;23;25
20/21;20;9;43;22
20/21;20;10;23;24
20/21;21;1;29;24
20/21;21;2;21;29
20/21;21;3;32;37
20/21;21;4;31;32
20/21;21;5;27;23
20/21;21;6;27;29
20/21;21;7;31;27
20/21;21;8;28;25
20/21;21;9;28;23
20/21;21;10;29;22
20/21;22;1;25;25
20/21;22;2;24;29
20/21;22;3;23;19
20/21;22;4;31;24
20/21;22;5;27;20
20/21;22;6;29;24
20/21;22;7;26;33
20/21;22;8;30;21
20/21;22;9;24;25
20/21;22;10;30;32
20/21;23;1;24;25
20/21;23;2;30;30
20/21;23;3;31;28
20/21;23;4;29;27
20/21;23;5;27;28
20/21;23;6;20;25
20/21;23;7;22;32
20/21;23;8;22;19
20/21;23;9;26;26
20/21;23;10;25;28
20/21;24;1;35;24
20/21;24;2;33;28
20/21;24;3;22;19
20/21;24;4;29;32
20/21;24;5;34;32
20/21;24;6;25;24
20/21;24;7;23;25
20/21;24;8;30;25
20/21;24;9;37;39
20/21;24;10;28;27
20/21;25;1;28;21
20/21;25;2;35;31
20/21;25;3;29;35
20/21;25;4;29;23
20/21;25;5;29;27
20/21;25;6;24;31
20/21;25;7;26;33
20/21;25;8;28;31
20/21;25;9;27;25
20/21;25;10;31;28
20/21;26;1;33;30
20/21;26;2;26;18
20/21;26;3;29;27
20/21;26;4;28;24
20/21;26;5;28;29
20/21;26;6;33;28
20/21;26;7;31;27
20/21;26;8;26;26
20/21;26;9;30;29
20/21;26;10;23;27
20/21;27;1;25;29
20/21;27;2;25;24
20/21;27;3;26;32
20/21;27;4;31;28
20/21;27;5;20;22
20/21;27;6;28;34
20/21;27;7;28;26
20/21;27;8;30;28
20/21;27;9;32;20
20/21;27;10;27;25
20/21;28;1;25;31
20/21;28;2;21;27
20/21;28;3;28;28
20/21;28;4;26;33
20/21;28;5;22;32
20/21;28;6;26;28
20/21;28;7;24;27
20/21;28;8;29;33
20/21;28;9;27;27
20/21;28;10;26;28
20/21;29;1;21;25
20/21;29;2;28;26
20/21;29;3;32;24
20/21;29;4;31;23
20/21;29;5;24;26
20/21;29;6;26;28
20/21;29;7;24;26
20/21;29;8;32;28
20/21;29;9;19;24
20/21;29;10;29;29
20/21;30;1;27;27
20/21;30;2;35;26
20/21;30;3;35;29
20/21;30;4;35;27
20/21;30;5;30;30
20/21;30;6;28;22
20/21;30;7;38;34
20/21;30;8;26;30
20/21;30;9;33;34
20/21;30;10;25;29
20/21;31;1;30;31
20/21;31;2;28;26
20/21;31;3;25;24
20/21;31;4;28;36
20/21;31;5;20;22
20/21;31;6;26;26
20/21;31;7;30;24
20/21;31;8;25;23
20/21;31;9;26;33
20/21;31;10;26;31
20/21;32;1;30;26
20/21;32;2;23;23
20/21;32;3;25;35
20/21;32;4;30;22
20/21;32;5;27;22
20/21;32;6;37;25
20/21;32;7;30;22
20/21;32;8;22;33
20/21;32;9;30;33
20/21;32;10;25;30
20/21;33;1;24;21
20/21;33;2;25;28
20/21;33;3;29;28
20/21;33;4;33;28
20/21;33;5;32;30
20/21;33;6;27;29
20/21;33;7;28;24
20/21;33;8;30;28
20/21;33;9;25;32
20/21;33;10;34;33
20/21;34;1;30;32
20/21;34;2;26;30
20/21;34;3;31;23
20/21;34;4;27;27
20/21;34;5;27;27
20/21;34;6;30;35
20/21;34;7;21;29
20/21;34;8;27;26
20/21;34;9;31;22
20/21;34;10;29;25
20/21;35;1;29;20
20/21;35;2;37;29
20/21;35;3;35;29
20/21;35;4;26;28
20/21;35;5;30;28
20/21;35;6;26;29
20/21;35;7;31;23
20/21;35;8;29;33
20/21;35;9;20;28
20/21;35;10;31;35
20/21;36;1;22;27
20/21;36;2;36;30
20/21;36;3;29;26
20/21;36;4;25;27
20/21;36;5;24;27
20/21;36;6;20;29
20/21;36;7;30;26
20/21;36;8;28;30
20/21;36;9;24;23
20/21;36;10;28;38
20/21;37;1;32;35
20/21;37;2;24;21
20/21;37;3;30;31
20/21;37;4;26;27
20/21;37;5;30;26
20/21;37;6;33;23
20/21;37;7;27;27
20/21;37;8;37;29
20/21;37;9;24;24
20/21;37;10;23;33
20/21;38;1;32;27
20/21;38;2;31;32
20/21;38;3;38;26
20/21;38;4;31;28
20/21;38;5;25;25
20/21;38;6;29;27
20/21;38;7;28;25
20/21;38;8;26;26
20/21;38;9;25;27
20/21;38;10;30;31
19/20;1;1;38;26
19/20;1;2;28;32
19/20;1;3;21;26
19/20;1;4;24;23
19/20;1;5;19;24
19/20;1;6;31;24
19/20;1;7;23;26
19/20;1;8;36;30
19/20;1;9;29;24
19/20;2;1;30;27
19/20;2;2;24;24
19/20;2;3;21;25
19/20;2;4;25;31
19/20;2;5;24;27
19/20;2;6;25;23
19/20;2;7;30;23
19/20;2;8;24;32
19/20;2;9;21;29
19/20;3;1;30;27
19/20;3;2;30;24
19/20;3;3;27;27
19/20;3;4;31;28
19/20;3;5;39;27
19/20;3;6;25;29
19/20;3;7;26;23
19/20;3;8;31;23
19/20;3;9;23;26
19/20;4;1;24;21
19/20;4;2;34;27
19/20;4;3;32;31
19/20;4;4;17;27
19/20;4;5;25;28
19/20;4;6;33;30
19/20;4;7;26;36
19/20;4;8;24;24
19/20;4;9;36;23
19/20;5;1;37;26
19/20;5;2;31;29
19/20;5;3;29;23
19/20;5;4;28;24
19/20;5;5;30;24
19/20;5;6;36;27
19/20;5;7;26;26
19/20;5;8;34;27
19/20;5;9;26;25
19/20;6;1;26;23
19/20;6;2;29;34
19/20;6;3;23;28
19/20;6;4;33;34
19/20;6;5;19;23
19/20;6;6;28;32
19/20;6;7;26;31
19/20;6;8;24;31
19/20;6;9;30;22
19/20;7;1;31;26
19/20;7;2;29;28
19/20;7;3;23;22
19/20;7;4;35;32
19/20;7;5;31;22
19/20;7;6;29;1
19/20;7;7;33;31
19/20;7;8;26;25
19/20;7;9;36;26
19/20;8;1;30;21
19/20;8;2;33;30
19/20;8;3;23;27
19/20;8;4;27;23
19/20;8;5;29;26
19/20;8;6;31;25
19/20;8;7;26;23
19/20;8;8;27;30
19/20;8;9;30;32
19/20;9;1;31;23
19/20;9;2;26;26
19/20;9;3;27;26
19/20;9;4;29;29
19/20;9;5;26;31
19/20;9;6;31;28
19/20;9;7;27;24
19/20;9;8;29;21
19/20;9;9;23;27
19/20;10;1;29;26
19/20;10;2;29;29
19/20;10;3;33;28
19/20;10;4;28;27
19/20;10;5;34;32
19/20;10;6;26;30
19/20;10;7;25;25
19/20;10;8;31;30
19/20;10;9;25;26
19/20;11;1;38;26
19/20;11;2;30;29
19/20;11;3;27;27
19/20;11;4;23;23
19/20;11;5;23;22
19/20;11;6;25;26
19/20;11;7;34;27
19/20;11;8;30;30
19/20;11;9;25;31
19/20;12;1;26;25
19/20;12;2;25;24
19/20;12;3;25;25
19/20;12;4;31;34
19/20;12;5;24;34
19/20;12;6;28;22
19/20;12;7;27;19
19/20;12;8;25;25
19/20;12;9;31;29
19/20;13;1;27;32
19/20;13;2;18;27
19/20;13;3;27;29
19/20;13;4;28;29
19/20;13;5;32;23
19/20;13;6;26;32
19/20;13;7;25;31
19/20;13;8;19;12
19/20;13;9;32;27
19/20;14;1;20;29
19/20;14;2;27;29
19/20;14;3;30;17
19/20;14;4;35;33
19/20;14;5;26;23
19/20;14;6;27;26
19/20;14;7;33;32
19/20;14;8;25;25
19/20;14;9;29;25
19/20;15;1;28;22
19/20;15;2;26;21
19/20;15;3;27;24
19/20;15;4;27;31
19/20;15;5;17;20
19/20;15;6;29;23
19/20;15;7;24;28
19/20;15;8;29;24
19/20;15;9;30;27
19/20;16;1;26;25
19/20;16;2;26;25
19/20;16;3;29;27
19/20;16;4;27;28
19/20;16;5;31;28
19/20;16;6;29;27
19/20;16;7;28;21
19/20;16;8;25;22
19/20;16;9;24;29
19/20;17;1;32;25
19/20;17;2;29;28
19/20;17;3;30;25
19/20;17;4;31;28
19/20;17;5;24;26
19/20;17;6;26;29
19/20;17;7;26;29
19/20;17;8;28;26
19/20;17;9;23;24
19/20;18;1;32;28
19/20;18;2;25;23
19/20;18;3;26;27
19/20;18;4;26;25
19/20;18;5;20;27
19/20;18;6;26;23
19/20;18;7;34;29
19/20;18;8;33;35
19/20;19;1;29;22
19/20;19;2;27;23
19/20;19;3;36;32
19/20;19;4;34;19
19/20;19;5;32;29
19/20;19;6;26;28
19/20;19;7;29;27
19/20;19;8;26;23
19/20;19;9;21;27
19/20;20;1;22;24
19/20;20;2;34;27
19/20;20;3;25;30
19/20;20;4;32;33
19/20;20;5;24;23
19/20;20;6;31;24
19/20;20;7;31;18
19/20;20;8;32;32
19/20;20;9;26;24
19/20;21;1;27;24
19/20;21;2;19;21
19/20;21;3;25;32
19/20;21;4;29;23
19/20;21;5;33;27
19/20;21;6;27;23
19/20;21;7;26;21
19/20;22;1;30;33
19/20;22;2;30;30
19/20;22;3;20;21
19/20;22;4;29;31
19/20;22;5;19;27
19/20;22;6;25;31
19/20;22;7;29;15
19/20;22;8;27;26
19/20;22;9;25;25
19/20;23;1;25;23
19/20;23;2;29;27
19/20;23;3;21;26
19/20;23;4;28;22
19/20;23;5;32;27
19/20;23;6;27;27
19/20;23;7;25;24
19/20;23;8;31;26
19/20;24;1;29;29
19/20;24;2;28;26
19/20;24;3;30;25
19/20;24;4;30;24
19/20;24;5;20;32
19/20;24;6;20;30
19/20;24;7;25;25
19/20;24;8;31;28
19/20;24;9;28;27
19/20;25;1;35;23
19/20;25;2;30;32
19/20;25;3;28;25
19/20;25;4;32;27
19/20;25;5;23;27
19/20;25;6;32;34
19/20;25;7;30;23
19/20;25;8;31;28
19/20;25;9;28;26
19/20;26;1;32;26
19/20;26;2;26;23
19/20;26;3;24;20
19/20;26;4;26;26
19/20;26;5;24;32
19/20;26;6;29;36
19/20;26;7;30;23
19/20;26;8;26;29
19/20;26;9;31;30
19/20;27;1;32;25
19/20;27;2;28;26
19/20;27;3;26;26
19/20;27;4;28;26
19/20;27;5;27;21
19/20;27;6;33;35
19/20;27;7;27;29
19/20;27;8;30;32
19/20;27;9;32;27
18/19;1;1;26;27
18/19;1;2;21;18
18/19;1;3;23;28
18/19;1;4;28;31
18/19;1;5;28;21
18/19;1;6;24;21
18/19;1;7;25;26
18/19;1;8;27;23
18/19;1;9;27;21
18/19;2;1;26;15
18/19;2;2;29;27
18/19;2;3;25;24
18/19;2;4;20;26
18/19;2;5;19;26
18/19;2;6;28;20
18/19;2;7;30;22
18/19;2;8;29;26
18/19;2;9;24;33
18/19;3;1;28;24
18/19;3;2;25;30
18/19;3;3;26;31
18/19;3;4;31;24
18/19;3;5;34;26
18/19;3;6;27;26
18/19;3;7;29;28
18/19;3;8;35;26
18/19;3;9;31;28
18/19;4;1;30;16
18/19;4;2;30;28
18/19;4;3;26;25
18/19;4;4;24;25
18/19;4;5;30;25
18/19;4;6;32;27
18/19;4;7;35;27
18/19;4;8;21;36
18/19;4;9;26;30
18/19;5;1;35;23
18/19;5;2;29;28
18/19;5;3;26;34
18/19;5;4;29;22
18/19;5;5;31;25
18/19;5;6;34;20
18/19;5;7;24;24
18/19;5;8;20;31
18/19;5;9;35;26
18/19;6;1;40;31
18/19;6;2;22;27
18/19;6;3;33;27
18/19;6;4;21;23
18/19;6;5;33;28
18/19;6;6;21;25
18/19;6;7;30;29
18/19;6;8;30;31
18/19;6;9;24;27
18/19;7;1;37;20
18/19;7;2;29;28
18/19;7;3;30;28
18/19;7;4;23;25
18/19;7;5;27;24
18/19;7;6;25;26
18/19;7;7;20;24
18/19;7;8;38;25
18/19;7;9;26;23
18/19;8;1;30;24
18/19;8;2;34;23
18/19;8;3;25;27
18/19;8;4;28;36
18/19;8;5;26;26
18/19;8;6;23;25
18/19;8;7;24;25
18/19;8;8;26;27
18/19;8;9;25;22
18/19;9;1;29;19
18/19;9;2;29;21
18/19;9;3;27;38
18/19;9;4;27;23
18/19;9;5;29;23
18/19;9;6;26;24
18/19;9;7;32;27
18/19;9;8;28;21
18/19;9;9;25;28
18/19;10;1;28;30
18/19;10;2;37;34
18/19;10;3;26;21
18/19;10;4;23;23
18/19;10;5;28;25
18/19;10;6;31;25
18/19;10;7;31;25
18/19;10;8;26;23
18/19;10;9;20;21
18/19;11;1;26;25
18/19;11;2;25;30
18/19;11;3;28;25
18/19;11;4;23;24
18/19;11;5;25;30
18/19;11;6;29;36
18/19;11;7;29;25
18/19;11;8;29;37
18/19;11;9;19;24
18/19;12;1;24;29
18/19;12;2;20;33
18/19;12;3;27;40
18/19;12;4;30;26
18/19;12;5;30;28
18/19;12;6;26;25
18/19;12;7;26;31
18/19;12;8;28;26
18/19;12;9;29;26
18/19;13;1;29;24
18/19;13;2;24;26
18/19;13;3;26;27
18/19;13;4;23;27
18/19;13;5;24;22
18/19;13;6;35;26
18/19;13;7;27;24
18/19;13;8;27;20
18/19;13;9;31;25
18/19;14;1;31;26
18/19;14;2;26;22
18/19;14;3;27;26
18/19;14;4;23;33
18/19;14;5;25;28
18/19;14;6;29;24
18/19;14;7;29;33
18/19;14;8;30;19
18/19;14;9;32;29
18/19;15;1;28;29
18/19;15;2;30;26
18/19;15;3;24;23
18/19;15;4;21;28
18/19;15;5;25;32
18/19;15;6;30;29
18/19;15;7;40;28
18/19;15;8;40;27
18/19;15;9;26;22
18/19;16;1;32;19
18/19;16;2;28;22
18/19;16;3;30;26
18/19;16;4;18;24
18/19;16;5;20;29
18/19;16;6;24;26
18/19;16;7;26;21
18/19;16;8;29;28
18/19;16;9;22;22
18/19;17;1;35;30
18/19;17;2;26;27
18/19;17;3;31;26
18/19;17;4;29;23
18/19;17;5;27;20
18/19;17;6;25;23
18/19;17;7;26;23
18/19;17;8;28;29
18/19;17;9;28;26
18/19;18;1;34;29
18/19;18;2;35;28
18/19;18;3;26;22
18/19;18;4;23;28
18/19;18;5;21;32
18/19;18;6;25;27
18/19;18;7;23;22
18/19;18;8;29;30
18/19;18;9;22;22
18/19;19;1;26;25
18/19;19;2;31;27
18/19;19;3;18;30
18/19;19;4;25;22
18/19;19;5;31;30
18/19;19;6;27;30
18/19;19;7;31;28
18/19;19;8;26;24
18/19;19;9;24;25
18/19;20;1;25;29
18/19;20;2;23;30
18/19;20;3;33;22
18/19;20;4;20;20
18/19;20;5;34;30
18/19;20;6;26;20
18/19;20;7;25;39
18/19;20;8;32;24
18/19;20;9;15;24
18/19;21;1;34;27
18/19;21;2;26;31
18/19;21;3;25;27
18/19;21;4;25;23
18/19;21;5;25;28
18/19;21;6;28;18
18/19;21;7;25;19
18/19;21;8;31;24
18/19;21;9;26;22
18/19;22;1;26;18
18/19;22;2;31;27
18/19;22;3;26;25
18/19;22;4;22;35
18/19;22;5;27;18
18/19;22;6;37;30
18/19;22;7;27;30
18/19;22;8;24;20
18/19;22;9;23;26
18/19;23;1;30;26
18/19;23;2;23;23
18/19;23;3;25;29
18/19;23;4;29;32
18/19;23;5;25;29
18/19;23;6;26;26
18/19;23;7;33;24
18/19;23;8;28;18
18/19;23;9;23;27
18/19;24;1;27;22
18/19;24;2;35;26
18/19;24;3;26;22
18/19;24;4;28;33
18/19;24;5;27;30
18/19;24;6;23;25
18/19;24;7;27;28
18/19;24;8;20;25
18/19;24;9;19;28
18/19;25;1;31;21
18/19;25;2;29;33
18/19;25;3;25;25
18/19;25;4;27;30
18/19;25;5;31;22
18/19;25;6;20;19
18/19;25;7;25;27
18/19;25;8;26;29
18/19;25;9;22;29
18/19;26;1;37;21
18/19;26;2;24;23
18/19;26;3;32;27
18/19;26;4;28;23
18/19;26;5;24;26
18/19;26;6;23;25
18/19;26;7;21;21
18/19;26;8;31;23
18/19;26;9;21;28
18/19;27;1;28;30
18/19;27;2;28;20
18/19;27;3;29;30
18/19;27;4;23;32
18/19;27;5;25;24
18/19;27;6;26;25
18/19;27;7;27;28
18/19;27;8;30;26
18/19;27;9;29;32
18/19;28;1;27;27
18/19;28;2;28;22
18/19;28;3;26;26
18/19;28;4;33;43
18/19;28;5;26;21
18/19;28;6;32;24
18/19;28;7;29;32
18/19;28;8;23;28
18/19;28;9;25;27
18/19;29;1;27;21
18/19;29;2;30;23
18/19;29;3;22;27
18/19;29;4;21;30
18/19;29;5;26;31
18/19;29;6;30;15
18/19;29;7;27;28
18/19;29;8;29;28
18/19;29;9;25;30
18/19;30;1;25;23
18/19;30;2;29;27
18/19;30;3;30;31
18/19;30;4;25;19
18/19;30;5;25;25
18/19;30;6;23;26
18/19;30;7;20;18
18/19;30;8;30;25
18/19;30;9;32;20
18/19;31;1;28;26
18/19;31;2;23;27
18/19;31;3;30;24
18/19;31;4;24;26
18/19;31;5;23;23
18/19;31;6;22;23
18/19;31;7;30;24
18/19;31;8;27;25
18/19;31;9;33;27
18/19;32;1;22;24
18/19;32;2;29;24
18/19;32;3;28;25
18/19;32;4;26;25
18/19;32;5;20;30
18/19;32;6;25;23
18/19;32;7;34;33
18/19;32;8;39;19
18/19;32;9;23;22
18/19;33;1;30;28
18/19;33;2;26;18
18/19;33;3;23;19
18/19;33;4;22;26
18/19;33;5;26;34
18/19;33;6;26;29
18/19;33;7;24;25
18/19;33;8;26;23
18/19;33;9;32;35
18/19;34;1;30;26
18/19;34;2;25;27
18/19;34;3;24;31
18/19;34;4;31;27
18/19;34;5;28;26
18/19;34;6;31;30
18/19;34;7;24;27
18/19;34;8;25;25
18/19;34;9;27;28