"user";"verified";"followers_count";"friends_count";"favourites_count";"created_at";"default_profile_image"
"14";"user14";FALSE;8800;6598;14068;"2017-02-02 21:14:22";FALSE
"18";"user18";FALSE;8416;1897;84261;"2013-08-30 16:22:43";FALSE
"53";"user52";TRUE;1027;4188;717;"2011-06-19 06:22:13";FALSE
"134";"user129";FALSE;7731;3303;40793;"2021-11-17 14:56:05";FALSE
"253";"user244";FALSE;261;1272;63145;"2013-03-01 17:01:46";FALSE
"269";"user257";FALSE;4696;3383;71668;"2020-07-12 15:19:52";FALSE
"351";"user338";FALSE;9690;8080;69242;"2013-05-28 21:00:51";FALSE
"358";"user344";FALSE;2295;9808;64092;"2025-09-27 13:06:45";FALSE
"387";"user371";FALSE;9626;2380;70346;"2022-03-15 16:11:35";FALSE
"402";"user386";FALSE;315;7558;58029;"2019-10-20 03:17:32";FALSE
"564";"user528";FALSE;7013;3581;62936;"2017-02-22 21:39:00";FALSE
"615";"user573";FALSE;4107;9268;92903;"2013-10-10 15:37:31";FALSE
"818";"user748";FALSE;4407;3693;56741;"2023-07-14 09:57:08";FALSE
"844";"user770";FALSE;9059;7225;51367;"2024-10-23 13:33:32";FALSE
"845";"user771";FALSE;5542;1226;86850;"2021-08-10 18:01:13";FALSE
"851";"user776";TRUE;2128;6630;5740;"2011-10-06 14:42:53";FALSE
"985";"user892";FALSE;5293;8642;71865;"2021-08-22 13:59:47";FALSE
"1116";"user1001";FALSE;7045;9135;32524;"2021-04-24 22:49:56";FALSE
"1120";"user1004";FALSE;8669;6847;58810;"2019-08-26 12:05:49";FALSE
"1168";"user1042";TRUE;2722;371;67840;"2012-08-31 19:04:44";FALSE
"1187";"user1059";FALSE;5774;128;99277;"2015-11-16 13:40:34";FALSE
"1201";"user1071";FALSE;1562;7584;13223;"2016-01-08 21:12:53";FALSE
"1391";"user1233";TRUE;6473;1020;45782;"2024-03-07 12:29:14";FALSE
"1398";"user1239";FALSE;1447;5955;91855;"2013-11-27 00:40:23";FALSE
"1419";"user1260";FALSE;9686;4104;83438;"2025-11-30 23:11:19";FALSE
"1708";"user1499";FALSE;1241;8548;85219;"2019-06-29 13:00:06";FALSE
"1812";"user1586";TRUE;1731;7122;40164;"2012-08-01 22:06:04";FALSE
"2106";"user1838";FALSE;7109;2816;42652;"2018-08-14 17:27:47";FALSE
"2157";"user1883";FALSE;6185;7723;99777;"2013-05-20 07:13:03";FALSE
"2224";"user1941";FALSE;3318;9534;29797;"2025-12-28 18:02:34";FALSE
"2274";"user1984";FALSE;8101;1696;58889;"2017-10-21 16:18:12";FALSE
"2348";"user2046";FALSE;6346;4955;5760;"2015-11-21 23:24:26";FALSE
"2385";"user2074";FALSE;2101;7031;73796;"2022-11-11 19:11:39";FALSE
"2387";"user2076";FALSE;4242;3555;45040;"2019-06-14 20:57:18";FALSE
"2457";"user2132";FALSE;4801;3860;22198;"2024-11-28 13:27:24";FALSE
"2630";"user2273";FALSE;1422;2647;57764;"2014-03-03 01:46:32";FALSE
"2722";"user2348";FALSE;600;2178;68080;"2013-01-02 21:17:09";FALSE
"2877";"user2473";FALSE;3724;7633;59415;"2020-12-01 01:33:56";FALSE
"2952";"user2531";FALSE;4316;3313;69539;"2013-06-30 19:11:06";FALSE
"3303";"user2770";TRUE;4330;2749;30785;"2012-03-02 21:43:43";FALSE
"3565";"user2979";FALSE;184;7936;38925;"2017-03-27 17:34:51";FALSE
"3720";"user3111";FALSE;1072;2584;93228;"2015-05-08 02:01:14";FALSE
"4068";"user3373";FALSE;3828;9781;56635;"2019-06-14 17:34:19";FALSE
"4116";"user3410";FALSE;7557;8365;74848;"2023-07-29 20:41:37";FALSE
"4210";"user3491";FALSE;5798;8884;19495;"2015-01-07 09:21:40";FALSE
"4212";"user3493";FALSE;1842;2310;19708;"2023-05-09 22:07:58";FALSE
"4219";"user3499";FALSE;5347;7439;25417;"2024-07-05 17:08:07";FALSE
"4230";"user3508";FALSE;8800;8685;36506;"2022-07-18 21:45:51";FALSE
"4234";"user3512";FALSE;7899;9472;725;"2025-01-22 18:49:23";FALSE
"4241";"user3518";TRUE;2256;2169;13600;"2012-08-25 03:52:04";FALSE
"4246";"user3522";FALSE;8382;6237;41871;"2024-01-26 03:12:15";FALSE
"4247";"user3523";FALSE;5421;586;67998;"2019-03-28 12:26:23";FALSE
"4250";"user3524";FALSE;1841;3273;5751;"2023-12-25 19:22:54";FALSE
"4260";"user3533";FALSE;1385;6184;34509;"2016-06-02 16:43:16";FALSE
"4290";"user3559";FALSE;6170;5486;55622;"2020-05-20 21:05:26";FALSE
"4295";"user3563";FALSE;2884;2990;29295;"2014-03-13 15:27:44";FALSE
"4316";"user3580";FALSE;4166;2459;1011;"2019-04-09 21:20:02";FALSE
"4329";"user3590";FALSE;3564;6437;93164;"2016-02-20 21:05:50";FALSE
"4340";"user3599";FALSE;7516;4893;48113;"2013-10-14 16:53:28";FALSE
"4382";"user3635";FALSE;2921;1269;3792;"2025-10-09 15:27:36";FALSE
"4402";"user3652";FALSE;102;8054;63523;"2024-08-26 08:06:35";FALSE
"4419";"user3664";FALSE;5342;7338;50063;"2013-03-31 08:44:39";FALSE
"4420";"user3665";FALSE;7168;6448;68504;"2013-07-12 13:42:41";FALSE
"4436";"user3679";FALSE;6330;2796;57708;"2025-02-24 02:55:35";FALSE
"4463";"user3699";FALSE;7462;7049;61710;"2012-02-10 14:52:12";FALSE
"4491";"user3722";FALSE;231;6503;55027;"2019-08-27 16:43:31";FALSE
"4514";"user3742";FALSE;2249;6282;68017;"2016-12-14 12:11:35";FALSE
"4577";"user3793";FALSE;3461;3081;57715;"2014-07-23 12:02:38";FALSE
"4628";"user3832";FALSE;1292;6637;35267;"2013-07-04 15:37:52";FALSE
"4635";"user3838";FALSE;4950;2771;27653;"2024-05-29 23:40:54";FALSE
"4639";"user3841";FALSE;9070;9876;30078;"2015-11-28 23:20:21";FALSE
"4649";"user3848";FALSE;9664;7147;52819;"2020-11-09 15:45:40";FALSE
"4667";"user3861";TRUE;2123;294;13617;"2013-06-17 19:47:20";FALSE
"4717";"user3896";TRUE;3178;6404;3818;"2012-10-03 21:33:32";FALSE
"4722";"user3900";FALSE;6852;6529;83097;"2021-03-05 19:04:42";FALSE
"4735";"user3912";FALSE;5036;6420;20211;"2012-09-20 14:18:46";FALSE
"4765";"user3935";TRUE;1842;1525;62161;"2013-11-22 04:57:52";FALSE
"4767";"user3937";FALSE;3959;6811;96514;"2017-06-16 00:27:48";FALSE
"4776";"user3946";FALSE;901;7550;64022;"2013-06-25 17:12:33";FALSE
"4782";"user3951";FALSE;7607;4972;28482;"2017-03-02 10:13:33";FALSE
"4789";"user3957";FALSE;1554;9119;69976;"2013-07-06 19:52:10";FALSE
"4795";"user3963";FALSE;2297;1663;54816;"2019-03-18 11:11:06";FALSE
"4797";"user3965";FALSE;8635;1050;50046;"2025-12-06 16:20:14";FALSE
"4819";"user3982";FALSE;8477;4493;95911;"2015-10-08 11:10:37";FALSE
"4820";"user3983";FALSE;6534;2162;9445;"2022-09-16 23:24:15";FALSE
"4829";"user3991";TRUE;5390;7558;311;"2019-05-13 17:25:28";FALSE
"4920";"user4063";FALSE;7271;8242;31561;"2013-10-31 13:35:20";FALSE
"4942";"user4081";FALSE;5971;8196;39571;"2023-10-11 06:25:31";FALSE
"4944";"user4083";FALSE;6585;2503;63182;"2023-01-17 10:42:21";FALSE
"4973";"user4105";FALSE;6279;8525;30825;"2012-08-14 18:28:54";FALSE
"4988";"user4116";FALSE;2400;5183;50891;"2018-02-19 00:41:34";FALSE
"4991";"user4118";FALSE;7797;9353;77847;"2020-06-29 11:35:01";FALSE
"5045";"user4160";FALSE;1496;5327;39887;"2022-10-04 23:32:57";FALSE
"5064";"user4177";FALSE;9148;8157;2861;"2025-10-14 16:28:49";FALSE
"5084";"user4194";FALSE;3427;2776;22178;"2024-12-13 11:02:52";FALSE
"5097";"user4204";FALSE;2913;9795;88443;"2023-12-24 14:43:12";FALSE
"5125";"user4226";FALSE;6787;5137;12572;"2023-11-23 18:48:50";FALSE
"5129";"user4229";FALSE;535;9081;72798;"2025-10-09 21:45:17";FALSE
"5143";"user4237";FALSE;8150;3395;76277;"2013-06-13 18:48:21";TRUE
"5156";"user4245";FALSE;1003;3287;8668;"2015-12-23 12:21:52";FALSE
"5166";"user4249";FALSE;8688;4957;20262;"2018-11-21 19:05:39";FALSE
"5207";"user4274";FALSE;1778;5718;59445;"2016-05-07 16:26:26";FALSE
"5220";"user4283";FALSE;9510;7554;86119;"2024-02-06 16:36:30";FALSE
"5238";"user4292";FALSE;8743;8978;92396;"2025-07-16 12:04:56";FALSE
"5239";"user4293";FALSE;1047;6138;50146;"2013-11-23 11:46:48";FALSE
"5241";"user4294";FALSE;7680;4541;60070;"2016-05-19 11:43:20";FALSE
"5249";"user4299";FALSE;9064;9739;9186;"2020-10-25 02:02:35";FALSE
"5261";"user4309";FALSE;9871;5135;28081;"2014-11-13 22:33:33";FALSE
"5268";"user4314";FALSE;7995;4931;85840;"2015-06-19 17:53:00";FALSE
"5281";"user4322";FALSE;4565;8754;52975;"2014-03-27 06:26:18";FALSE
"5283";"user4324";FALSE;2598;9665;3141;"2019-06-13 00:12:32";FALSE
"5329";"user4349";FALSE;6577;8026;7045;"2025-12-23 00:21:44";FALSE
"5380";"user4386";FALSE;2626;6763;1758;"2019-01-12 15:02:48";FALSE
"5381";"user4387";FALSE;2252;3684;94649;"2016-08-14 14:49:36";FALSE
"5383";"user4388";FALSE;6209;5552;64341;"2016-08-18 18:45:11";FALSE
"5411";"user4408";FALSE;7636;1461;24951;"2023-05-17 12:40:36";FALSE
"5447";"user4436";TRUE;1324;2170;71068;"2024-12-14 23:11:38";FALSE
"5459";"user4445";FALSE;3995;9651;32844;"2024-12-03 01:01:00";FALSE
"5469";"user4454";FALSE;346;5384;73603;"2024-10-18 03:32:48";FALSE
"5486";"user4466";FALSE;8213;2814;74833;"2021-10-26 22:57:14";FALSE
"5504";"user4475";FALSE;5185;6478;12378;"2023-07-17 23:37:47";FALSE
"5513";"user4482";FALSE;8986;1159;19852;"2013-06-21 19:20:57";FALSE
"5518";"user4487";FALSE;2830;2985;19992;"2014-02-06 15:03:58";FALSE
"5525";"user4492";FALSE;5016;8973;28601;"2024-08-18 20:52:48";FALSE
"5542";"user4501";FALSE;7967;6372;85922;"2025-07-15 10:17:46";FALSE
"5552";"user4507";FALSE;4557;7332;91836;"2019-04-25 13:32:29";FALSE
"5555";"user4510";FALSE;593;6175;69442;"2015-06-08 16:40:03";FALSE
"5562";"user4514";FALSE;6017;2554;60496;"2020-10-02 02:58:36";FALSE
"5600";"user4539";FALSE;9016;3761;73578;"2013-08-09 14:34:25";FALSE
"5606";"user4544";FALSE;279;4388;45137;"2019-04-30 20:02:32";FALSE
"5607";"user4545";FALSE;4768;2531;90881;"2017-01-07 21:09:29";FALSE
"5610";"user4547";FALSE;7728;9277;20317;"2021-11-22 14:13:34";FALSE
"5635";"user4564";FALSE;1685;5453;21978;"2024-06-19 17:11:18";FALSE
"5648";"user4576";FALSE;4647;5567;65131;"2016-06-06 23:59:21";FALSE
"5649";"user4577";TRUE;1596;5347;71696;"2023-03-06 15:54:11";FALSE
"5724";"user4633";FALSE;6202;5315;45017;"2024-05-11 00:23:29";FALSE
"5731";"user4639";FALSE;5336;6959;76740;"2019-01-12 09:08:17";FALSE
"5733";"user4640";FALSE;5805;1843;68009;"2018-12-10 04:26:42";FALSE
"5740";"user4646";FALSE;6874;4279;92278;"2013-01-06 19:41:20";FALSE
"5759";"user4663";FALSE;6251;7279;52255;"2025-05-01 22:01:50";FALSE
"5764";"user4667";FALSE;9572;1575;86102;"2025-09-01 23:06:06";FALSE
"5770";"user4671";FALSE;3871;9774;4230;"2019-10-16 03:32:13";FALSE
"5777";"user4677";FALSE;4272;3575;83024;"2015-05-01 02:11:20";FALSE
"5785";"user4682";TRUE;485;3076;26298;"2013-08-27 13:53:06";FALSE
"5786";"user4683";TRUE;6673;1103;34330;"2022-01-04 14:51:38";FALSE
"5846";"user4735";FALSE;5087;8242;87420;"2018-02-14 21:47:22";FALSE
"5859";"user4745";FALSE;2869;3531;19319;"2014-01-02 21:24:53";FALSE
"5864";"user4747";FALSE;7750;5927;38712;"2012-12-15 21:19:47";FALSE
"5869";"user4751";FALSE;4209;3501;19169;"2019-11-07 15:30:04";FALSE
"5881";"user4763";FALSE;4526;2418;95899;"2019-05-17 18:59:02";FALSE
"5919";"user4791";FALSE;9128;4158;29327;"2025-07-15 02:50:45";FALSE
"5924";"user4795";FALSE;2439;3659;14694;"2019-06-30 11:05:33";FALSE
"5960";"user4824";FALSE;424;1331;9485;"2024-09-03 09:30:18";FALSE
"5970";"user4830";FALSE;6143;6733;60693;"2019-02-11 21:43:53";FALSE
"6009";"user4858";FALSE;9502;5441;64252;"2017-08-29 20:18:04";FALSE
"6012";"user4860";FALSE;576;3682;62651;"2025-10-17 13:07:58";FALSE
"6025";"user4869";TRUE;1915;5026;78682;"2013-11-02 17:13:31";FALSE
"6043";"user4881";FALSE;3855;7921;73711;"2024-06-21 15:39:21";FALSE
"6047";"user4884";FALSE;4769;1245;62119;"2024-08-08 13:48:53";FALSE
"6060";"user4894";FALSE;6808;9662;44658;"2016-09-26 21:59:19";FALSE
"6070";"user4903";FALSE;3538;6345;62564;"2012-07-12 02:52:10";FALSE
"6084";"user4912";FALSE;834;9285;7869;"2016-04-17 19:12:16";FALSE
"6086";"user4914";FALSE;9090;2234;56427;"2024-11-24 14:01:44";FALSE
"6089";"user4916";FALSE;2656;2577;20984;"2022-09-16 20:00:04";FALSE
"6099";"user4924";FALSE;1752;4771;66464;"2015-09-28 14:06:17";FALSE
"6101";"user4925";FALSE;7556;7586;39570;"2023-07-28 16:10:37";FALSE
"6103";"user4927";FALSE;3611;2495;74881;"2021-04-09 18:46:11";FALSE
"6113";"user4936";FALSE;3047;8248;27252;"2016-05-28 17:54:47";FALSE
"6154";"user4966";FALSE;9339;569;33547;"2016-06-13 18:02:33";FALSE
"6183";"user4992";FALSE;9761;1328;60978;"2024-05-16 12:31:39";FALSE
"6203";"user5007";FALSE;7191;2641;76559;"2015-08-22 13:57:42";FALSE
"6209";"user5012";FALSE;3928;8981;79118;"2024-06-12 07:30:14";FALSE
"6226";"user5024";FALSE;8024;5108;83938;"2016-10-16 17:05:09";FALSE
"6230";"user5028";FALSE;1543;2966;81829;"2022-11-18 06:20:44";FALSE
"6233";"user5031";FALSE;8269;233;89700;"2018-04-12 21:36:22";FALSE
"6241";"user5035";TRUE;3360;6816;51452;"2023-11-10 19:36:08";FALSE
"6257";"user5045";FALSE;4520;4782;15085;"2026-01-09 15:18:36";FALSE
"6263";"user5050";FALSE;8269;453;62744;"2013-05-04 12:14:45";FALSE
"6271";"user5057";FALSE;1331;3295;87549;"2015-10-07 04:26:39";FALSE
"6281";"user5064";TRUE;4451;9608;60939;"2013-06-04 18:02:22";FALSE
"6287";"user5067";FALSE;497;4707;26527;"2013-07-01 12:51:21";FALSE
"6299";"user5074";FALSE;1899;3078;53393;"2023-04-22 06:44:26";FALSE
"6310";"user5081";FALSE;4555;4369;33543;"2018-08-21 17:06:52";FALSE
"6320";"user5090";FALSE;3743;2027;6178;"2025-03-25 13:04:28";FALSE
"6333";"user5101";FALSE;8008;5755;73152;"2014-07-01 15:43:25";FALSE
"6335";"user5103";TRUE;6760;9492;27005;"2018-05-23 14:05:36";FALSE
"6362";"user5120";TRUE;3494;3213;548;"2016-01-21 16:51:05";FALSE
"6363";"user5121";FALSE;6795;722;60296;"2017-01-05 18:23:57";FALSE
"6452";"user5191";FALSE;1500;6898;99383;"2017-06-19 18:25:02";FALSE
"6453";"user5192";FALSE;5498;9078;76199;"2019-06-01 14:45:21";FALSE
"6461";"user5198";FALSE;3479;924;84878;"2023-12-16 19:12:54";FALSE
"6483";"user5217";FALSE;6730;6479;92973;"2025-10-23 01:19:12";FALSE
"6488";"user5221";FALSE;2680;5355;3865;"2025-04-13 03:05:06";FALSE
"6490";"user5223";FALSE;8929;8945;65895;"2017-07-18 23:42:57";FALSE
"6493";"user5226";FALSE;6407;3496;4015;"2021-05-09 08:00:49";FALSE
"6545";"user5267";FALSE;9475;135;25108;"2025-12-01 15:03:57";FALSE
"6553";"user5274";FALSE;9651;820;3093;"2015-03-27 21:23:03";FALSE
"6571";"user5286";FALSE;4379;8977;39300;"2013-11-04 13:05:39";FALSE
"6586";"user5296";FALSE;1065;1696;27829;"2025-09-10 15:00:22";FALSE
"6598";"user5305";FALSE;9576;3760;41908;"2020-11-23 21:39:30";FALSE
"6609";"user5313";FALSE;1200;9033;82341;"2024-04-21 23:25:27";FALSE
"6622";"user5324";FALSE;1509;1087;60458;"2012-08-28 02:56:17";TRUE
"6641";"user5337";FALSE;4485;7866;5485;"2023-10-14 19:10:29";FALSE
"6648";"user5341";FALSE;3242;1425;45302;"2015-03-03 11:11:09";FALSE
"6676";"user5359";FALSE;6505;3139;25118;"2014-01-11 11:26:28";FALSE
"6683";"user5363";FALSE;1933;2639;57011;"2013-08-19 19:16:20";FALSE
"6691";"user5369";FALSE;7099;6513;62018;"2013-06-29 23:10:41";FALSE
"6711";"user5381";FALSE;4500;6684;63542;"2024-07-06 20:43:22";FALSE
"6720";"user5390";FALSE;5227;6351;2045;"2021-03-19 00:07:47";FALSE
"6725";"user5394";FALSE;618;1279;99934;"2016-06-27 19:44:44";FALSE
"6736";"user5401";FALSE;127;5075;7226;"2014-11-09 07:31:04";FALSE
"6740";"user5403";FALSE;2953;2540;94422;"2024-06-21 11:11:26";FALSE
"6768";"user5424";FALSE;8839;1298;38428;"2012-11-02 11:16:01";FALSE
"6773";"user5427";FALSE;5271;9673;6440;"2014-09-18 20:56:42";FALSE
"6781";"user5433";FALSE;2869;1927;48515;"2022-03-03 15:41:46";FALSE
"6828";"user5469";FALSE;6099;8297;23350;"2022-04-19 13:35:28";FALSE
"6834";"user5475";FALSE;7151;7486;64816;"2025-12-10 17:41:37";FALSE
"6839";"user5480";FALSE;8467;2938;37779;"2020-10-01 18:11:16";FALSE
"6851";"user5488";FALSE;4109;2618;50695;"2022-07-11 04:44:01";FALSE
"6930";"user5540";FALSE;2711;7573;27659;"2015-08-11 11:02:00";FALSE
"6940";"user5546";FALSE;5768;5154;56648;"2013-06-09 17:52:46";FALSE
"6942";"user5548";TRUE;7188;6169;27490;"2012-05-16 19:41:54";FALSE
"6945";"user5549";FALSE;9635;5241;64551;"2013-10-02 19:07:43";FALSE
"6964";"user5565";FALSE;8516;6736;78341;"2016-03-17 11:18:05";FALSE
"6967";"user5567";FALSE;6283;3781;58293;"2023-04-24 16:07:30";FALSE
"6995";"user5587";FALSE;4971;7064;4113;"2016-07-28 16:43:11";FALSE
"7055";"user5619";FALSE;1127;2108;54233;"2014-06-20 01:00:05";FALSE
"7103";"user5652";FALSE;7339;9851;99733;"2021-03-13 04:43:09";FALSE
"7140";"user5679";FALSE;7704;3915;14104;"2018-08-28 04:47:34";FALSE
"7193";"user5716";FALSE;1220;229;78541;"2017-08-25 19:16:47";FALSE
"7203";"user5724";FALSE;7043;851;20244;"2018-11-11 04:39:50";FALSE
"7204";"user5725";FALSE;6438;238;97441;"2018-11-01 21:51:37";FALSE
"7207";"user5728";FALSE;5078;5066;50977;"2025-02-20 22:38:07";FALSE
"7229";"user5746";FALSE;2967;1583;29881;"2013-04-05 16:27:13";FALSE
"7232";"user5747";FALSE;7411;3216;97598;"2022-05-25 22:01:27";FALSE
"7240";"user5752";FALSE;3046;8402;51366;"2020-05-27 15:10:31";FALSE
"7264";"user5767";FALSE;3432;3003;16585;"2021-05-31 16:58:36";FALSE
"7274";"user5776";FALSE;802;7198;51725;"2025-02-19 18:22:28";FALSE
"7312";"user5804";FALSE;6227;5442;52806;"2015-01-25 13:35:48";FALSE
"7341";"user5827";FALSE;3607;8189;58061;"2012-10-19 17:28:05";FALSE
"7383";"user5861";FALSE;3717;1989;88521;"2022-02-03 00:31:08";FALSE
"7388";"user5865";FALSE;2651;2203;46243;"2025-10-17 15:38:04";FALSE
"7403";"user5877";FALSE;4125;3925;21949;"2014-09-23 19:32:11";FALSE
"7427";"user5890";FALSE;3578;5543;45410;"2014-01-24 18:07:50";FALSE
"7443";"user5902";FALSE;1798;3351;89904;"2020-03-28 22:45:35";FALSE
"7500";"user5947";FALSE;5772;7859;52168;"2015-04-20 22:38:28";FALSE
"7506";"user5951";FALSE;898;4874;34643;"2014-10-29 18:42:07";FALSE
"7548";"user5982";FALSE;3764;3348;80216;"2013-07-12 22:50:16";FALSE
"7553";"user5986";FALSE;3753;6285;92981;"2025-01-29 00:23:26";FALSE
"7574";"user6002";FALSE;450;4157;72624;"2016-05-25 18:03:16";FALSE
"7616";"user6026";FALSE;581;163;20475;"2016-05-05 23:04:49";FALSE
"7628";"user6036";FALSE;7045;319;19531;"2024-05-05 05:00:51";FALSE
"7630";"user6038";FALSE;503;4785;85783;"2013-06-19 22:17:09";FALSE
"7637";"user6043";FALSE;1267;7648;89683;"2024-01-20 16:06:58";FALSE
"7638";"user6044";FALSE;9479;8651;48490;"2013-01-22 00:51:37";FALSE
"7655";"user6053";FALSE;5335;5242;88515;"2014-08-15 19:05:15";FALSE
"7674";"user6068";FALSE;1662;9179;41973;"2024-01-27 17:47:26";FALSE
"7693";"user6083";FALSE;7724;6791;70207;"2018-02-02 15:39:12";FALSE
"7711";"user6096";FALSE;1534;5357;89726;"2017-02-11 16:20:13";FALSE
"7715";"user6100";FALSE;4734;7632;64057;"2017-11-06 23:02:36";FALSE
"7735";"user6114";FALSE;9738;9785;98068;"2024-11-18 00:34:55";FALSE
"7786";"user6153";FALSE;4597;7319;54703;"2025-12-16 07:03:33";FALSE
"7790";"user6156";FALSE;2190;3327;49218;"2021-11-24 13:19:45";FALSE
"7817";"user6177";FALSE;1070;4036;62899;"2025-01-14 10:38:46";FALSE
"7850";"user6202";FALSE;4873;9318;90734;"2013-02-21 21:05:43";FALSE
"7885";"user6227";FALSE;7174;2692;60137;"2022-12-29 18:29:36";FALSE
"7954";"user6279";FALSE;4335;7852;95601;"2019-05-05 16:31:36";FALSE
"7975";"user6297";FALSE;4681;3901;70918;"2022-02-09 21:03:18";FALSE
"8011";"user6327";FALSE;7438;7042;78611;"2025-07-16 23:25:01";FALSE
"8100";"user6386";FALSE;593;7288;79555;"2013-04-24 21:25:43";FALSE
"8106";"user6391";FALSE;4636;8489;97779;"2019-06-24 15:56:14";FALSE
"8112";"user6397";FALSE;1575;2212;12596;"2025-11-24 19:15:08";FALSE
"8123";"user6405";FALSE;4802;1731;168;"2014-02-06 19:13:59";FALSE
"8134";"user6413";FALSE;7929;1164;16432;"2024-04-16 07:09:51";FALSE
"8158";"user6431";FALSE;5930;8498;55634;"2023-05-20 19:03:49";FALSE
"8184";"user6451";FALSE;9159;9764;74514;"2021-01-26 18:01:27";FALSE
"8207";"user6465";FALSE;8109;4843;82306;"2011-06-21 16:36:29";FALSE
"8264";"user6511";TRUE;8069;2668;16129;"2013-04-25 15:09:16";FALSE
"8307";"user6544";FALSE;9995;54;27354;"2013-10-11 23:56:51";FALSE
"8333";"user6565";FALSE;7262;4578;72185;"2024-06-04 00:48:44";FALSE
"8374";"user6597";FALSE;8144;2985;7080;"2015-11-08 15:18:48";FALSE
"8375";"user6598";FALSE;8825;9215;15860;"2018-02-20 02:35:44";FALSE
"8378";"user6601";FALSE;4774;2499;94821;"2020-02-08 06:14:53";FALSE
"8393";"user6613";FALSE;9710;5672;72402;"2025-09-30 14:22:27";FALSE
"8409";"user6627";FALSE;3982;9670;50914;"2016-04-27 07:54:42";FALSE
"8427";"user6636";FALSE;2909;455;37381;"2025-01-09 21:23:30";FALSE
"8464";"user6663";FALSE;1041;2182;61561;"2019-04-22 01:20:39";FALSE
"8485";"user6681";FALSE;9934;4766;51914;"2016-09-01 09:32:08";FALSE
"8489";"user6683";FALSE;815;9374;39468;"2025-12-09 07:42:41";FALSE
"8513";"user6702";FALSE;3124;4029;79867;"2026-01-05 07:20:22";FALSE
"8519";"user6705";FALSE;7884;2636;13469;"2025-01-07 22:47:35";FALSE
"8538";"user6720";FALSE;3102;93;52932;"2024-09-21 20:23:24";FALSE
"8546";"user6725";FALSE;1955;8853;40617;"2014-10-29 12:19:48";FALSE
"8567";"user6739";FALSE;5327;6798;10523;"2020-04-29 16:57:08";FALSE
"8594";"user6759";FALSE;985;3961;27737;"2023-06-07 21:15:25";FALSE
"8616";"user6774";FALSE;5210;7103;32820;"2024-05-23 22:10:30";FALSE
"8620";"user6778";FALSE;4985;5311;33041;"2016-09-20 23:59:25";FALSE
"8671";"user6810";FALSE;1101;3851;14301;"2024-07-04 14:14:05";FALSE
"8693";"user6828";FALSE;4823;1458;15026;"2023-11-16 17:37:00";FALSE
"8730";"user6849";FALSE;5587;7933;87868;"2025-06-19 12:01:48";FALSE
"8753";"user6866";FALSE;7070;8325;21926;"2017-04-23 20:36:30";FALSE
"8765";"user6873";FALSE;4097;6669;26069;"2013-08-20 08:57:04";FALSE
"8783";"user6884";FALSE;3004;4982;45091;"2016-03-06 14:55:47";FALSE
"8785";"user6886";FALSE;5012;4924;8881;"2013-11-20 00:08:25";FALSE
"8790";"user6889";FALSE;7449;3379;9860;"2020-01-01 14:30:48";FALSE
"8814";"user6908";FALSE;6049;2321;13638;"2019-09-17 17:23:32";FALSE
"8817";"user6911";FALSE;9304;2030;34256;"2022-05-13 08:12:41";FALSE
"8839";"user6927";FALSE;4060;7832;29688;"2019-08-23 05:22:05";FALSE
"8846";"user6932";FALSE;2675;9411;78620;"2015-10-10 06:30:33";FALSE
"8849";"user6935";FALSE;5724;3960;38031;"2013-06-14 15:38:21";FALSE
"8852";"user6937";FALSE;8739;6910;70844;"2023-10-23 17:24:51";FALSE
"8853";"user6938";FALSE;4151;1411;76599;"2017-12-07 20:56:42";FALSE
"8863";"user6948";FALSE;5407;7687;14437;"2025-10-01 13:01:14";FALSE
"8866";"user6951";FALSE;2380;8423;7503;"2016-09-10 03:19:31";FALSE
"8867";"user6952";FALSE;4410;1399;57140;"2012-05-25 07:30:22";FALSE
"8870";"user6953";FALSE;2046;2173;90640;"2020-08-24 22:42:24";FALSE
"8892";"user6970";FALSE;722;9488;68639;"2025-09-20 13:16:29";FALSE
"8918";"user6988";FALSE;6807;5526;51888;"2025-03-15 20:55:49";FALSE
"8921";"user6989";FALSE;9071;3652;76887;"2015-08-14 17:55:00";FALSE
"8926";"user6994";FALSE;3514;6591;15768;"2021-02-11 01:54:41";FALSE
"8946";"user7008";FALSE;1309;1909;67198;"2016-03-29 03:10:25";FALSE
"8956";"user7014";FALSE;3925;8988;60554;"2016-09-03 15:36:09";FALSE
"8983";"user7034";FALSE;7695;8750;6315;"2017-07-07 21:03:41";FALSE
"8987";"user7037";FALSE;4823;4349;7932;"2015-04-01 13:09:15";FALSE
"9003";"user7049";FALSE;8130;1292;54787;"2019-10-30 23:13:55";FALSE
"9048";"user7084";FALSE;3141;2023;59219;"2019-03-28 21:23:47";FALSE
"9053";"user7089";FALSE;2716;4417;82294;"2025-01-17 12:20:44";FALSE
"9057";"user7092";FALSE;7812;8639;7269;"2015-05-25 17:19:53";FALSE
"9104";"user7125";FALSE;7874;5575;89147;"2025-09-12 19:07:35";FALSE
"9137";"user7150";FALSE;8919;7493;50029;"2024-12-18 22:19:17";FALSE
"9190";"user7195";FALSE;3437;579;72607;"2018-05-27 06:27:30";FALSE
"9221";"user7218";FALSE;4165;1442;50208;"2023-07-26 15:55:16";FALSE
"9231";"user7221";FALSE;2492;5466;27158;"2016-12-10 20:28:29";FALSE
"9256";"user7242";FALSE;4435;6644;3182;"2013-07-26 18:53:51";FALSE
"9262";"user7248";FALSE;4759;3677;69041;"2019-11-15 04:46:42";FALSE
"9268";"user7252";FALSE;9656;1622;17725;"2025-07-29 20:00:23";FALSE
"9285";"user7266";FALSE;481;671;53352;"2013-04-16 21:02:57";FALSE
"9297";"user7274";FALSE;8187;6911;21817;"2022-07-19 15:06:46";FALSE
"9331";"user7304";TRUE;1993;6923;43935;"2013-08-13 16:34:32";FALSE
"9379";"user7342";FALSE;7953;3012;88988;"2015-02-21 11:55:37";FALSE
"9444";"user7387";FALSE;3866;2409;34630;"2025-01-15 15:11:49";FALSE
"9455";"user7397";FALSE;1883;2813;43185;"2016-09-25 16:58:09";FALSE
"9456";"user7398";FALSE;766;1554;54583;"2021-02-04 16:47:32";FALSE
"9462";"user7402";FALSE;758;2658;55511;"2024-11-23 05:01:54";FALSE
"9468";"user7406";FALSE;4077;2718;4431;"2016-11-21 21:00:07";FALSE
"9469";"user7407";TRUE;4707;6642;16726;"2013-03-25 18:35:58";FALSE
"9474";"user7412";FALSE;7604;7644;79215;"2025-02-05 19:51:45";FALSE
"9508";"user7439";FALSE;2700;7100;2682;"2021-02-21 19:48:45";FALSE
"9556";"user7472";FALSE;7370;2824;19985;"2025-07-03 16:28:48";FALSE
"9618";"user7510";FALSE;4321;5244;49790;"2018-12-29 18:15:14";FALSE
"9640";"user7525";FALSE;5554;1601;17960;"2024-08-10 15:47:13";FALSE
"9646";"user7530";FALSE;1447;6488;81474;"2018-10-18 08:20:52";FALSE
"9648";"user7532";TRUE;6686;1166;64466;"2013-09-24 06:02:06";FALSE
"9658";"user7540";FALSE;3580;8727;17534;"2021-07-21 22:19:37";FALSE
"9668";"user7548";FALSE;277;4704;33902;"2025-12-23 07:33:49";FALSE
"9725";"user7586";FALSE;6261;5646;95842;"2025-06-02 12:35:29";FALSE
"9734";"user7593";FALSE;6738;6749;78414;"2025-05-02 16:48:44";FALSE
"9780";"user7623";FALSE;9908;4321;37795;"2014-08-24 17:28:57";FALSE
"9837";"user7663";FALSE;4806;9408;92551;"2013-11-11 18:45:18";FALSE
"9843";"user7669";FALSE;91;9284;99455;"2020-04-02 01:32:16";FALSE
"9856";"user7677";FALSE;6581;1658;29320;"2025-04-11 20:37:01";FALSE
"9865";"user7681";FALSE;3746;2536;84110;"2021-08-25 19:09:03";FALSE
"9872";"user7685";FALSE;4900;5036;38488;"2025-09-04 21:46:13";FALSE
"9884";"user7691";FALSE;6642;1156;90807;"2013-02-05 05:02:17";FALSE
"9905";"user7708";FALSE;1317;1885;70506;"2023-04-13 11:33:07";FALSE
"9930";"user7725";TRUE;8432;8627;74215;"2024-10-01 07:10:26";FALSE
"10015";"user7783";FALSE;9656;9124;94658;"2023-12-06 04:33:47";FALSE
"10051";"user7806";FALSE;3894;2865;63391;"2016-05-11 13:49:27";FALSE
"10053";"user7808";FALSE;7636;2753;38334;"2016-08-16 22:44:21";FALSE
"10060";"user7815";FALSE;7323;9433;95455;"2025-10-18 17:15:56";FALSE
"10081";"user7831";FALSE;5850;8494;51340;"2025-12-11 21:43:39";FALSE
"10096";"user7843";FALSE;8290;8546;39768;"2025-10-18 10:30:31";FALSE
"10107";"user7853";FALSE;886;9636;74273;"2013-07-01 09:14:57";FALSE
"10129";"user7869";FALSE;3309;4752;50828;"2015-07-26 12:02:16";FALSE
"10166";"user7897";FALSE;9925;1618;6300;"2023-01-03 15:15:24";FALSE
"10209";"user7924";FALSE;4986;2140;38116;"2025-12-04 18:26:59";FALSE
"10271";"user7972";FALSE;7106;9992;29308;"2015-09-22 13:35:29";FALSE
"10272";"user7973";FALSE;7003;9783;90881;"2023-04-15 16:56:48";FALSE
"10318";"user8006";TRUE;6023;9656;1679;"2015-07-19 20:38:29";FALSE
"10366";"user8040";FALSE;9597;1934;47719;"2024-11-25 07:24:43";FALSE
"10394";"user8064";FALSE;5522;7572;3283;"2024-11-05 00:17:19";FALSE
"10397";"user8067";TRUE;6586;8549;2434;"2012-10-09 23:23:49";FALSE
"10399";"user8069";FALSE;2639;1752;35858;"2024-08-29 07:16:05";FALSE
"10405";"user8075";FALSE;7676;2112;30609;"2013-07-29 17:50:36";FALSE
"10418";"user8084";FALSE;4932;6262;36160;"2016-06-20 21:51:55";FALSE
"10437";"user8098";FALSE;5237;9901;37281;"2020-06-05 16:04:19";FALSE
"10471";"user8123";FALSE;7763;6718;75067;"2015-07-06 21:11:44";FALSE
"10479";"user8128";FALSE;5385;3216;94617;"2024-06-08 22:17:51";FALSE
"10504";"user8147";FALSE;2009;2320;72937;"2016-08-25 20:03:29";FALSE
"10506";"user8149";FALSE;7068;3769;2639;"2019-12-09 15:37:13";FALSE
"10551";"user8179";FALSE;8831;983;36116;"2016-10-19 16:41:21";FALSE
"10644";"user8237";FALSE;1565;8258;15409;"2023-05-27 22:51:20";FALSE
"10648";"user8240";FALSE;3729;8117;53629;"2017-06-22 21:25:12";FALSE
"10653";"user8243";FALSE;4710;9080;24224;"2014-12-17 22:08:05";FALSE
"10656";"user8246";TRUE;3878;2638;50548;"2016-11-08 08:10:20";FALSE
"10657";"user8247";FALSE;578;6967;71672;"2020-06-18 00:42:17";FALSE
"10679";"user8264";FALSE;6937;5262;14941;"2021-04-21 20:58:54";FALSE
"10688";"user8272";FALSE;5193;6021;55563;"2025-05-22 13:13:04";FALSE
"10705";"user8279";FALSE;6901;9265;88168;"2020-12-08 22:31:42";FALSE
"10711";"user8283";FALSE;913;838;89798;"2017-07-05 17:56:31";FALSE
"10722";"user8292";FALSE;9561;8486;17109;"2013-05-20 23:08:30";FALSE
"10734";"user8300";FALSE;7177;5531;17227;"2014-07-30 17:05:23";FALSE
"10743";"user8307";FALSE;4130;1321;10694;"2025-04-04 20:01:24";FALSE
"10767";"user8327";TRUE;3314;5774;73817;"2012-12-18 19:53:15";FALSE
"10779";"user8335";FALSE;8540;2155;72516;"2013-09-03 17:00:13";FALSE
"10827";"user8366";FALSE;5692;6145;42089;"2016-03-01 18:15:25";FALSE
"10829";"user8368";FALSE;925;1408;67053;"2021-06-22 16:49:58";FALSE
"10868";"user8397";FALSE;212;6971;60926;"2022-10-05 17:30:10";FALSE
"10871";"user8399";FALSE;1637;954;60768;"2022-05-08 05:24:56";FALSE
"10899";"user8421";FALSE;1247;3601;32100;"2013-09-13 17:38:33";FALSE
"10927";"user8444";FALSE;8544;1825;70844;"2017-07-06 15:09:36";FALSE
"10930";"user8446";FALSE;4109;4583;63573;"2020-03-26 15:10:56";FALSE
"11024";"user8520";FALSE;3200;3386;53230;"2016-08-12 20:52:11";FALSE
"11037";"user8530";FALSE;8713;973;68934;"2012-08-01 08:12:16";FALSE
"11047";"user8537";FALSE;7713;8111;75560;"2021-12-03 01:45:43";FALSE
"11064";"user8550";TRUE;7809;205;17989;"2013-08-02 17:56:11";FALSE
"11071";"user8553";FALSE;2786;7359;33454;"2013-03-03 09:00:38";FALSE
"11098";"user8570";TRUE;9598;7698;52700;"2017-11-29 16:05:22";FALSE
"11099";"user8571";FALSE;1527;3108;99786;"2021-02-13 16:32:04";FALSE
"11157";"user8610";FALSE;9894;3685;18391;"2013-06-01 01:08:23";FALSE
"11215";"user8650";FALSE;2410;2772;56456;"2024-08-07 16:29:18";FALSE
"11217";"user8652";FALSE;3744;1297;72360;"2018-02-18 21:27:48";FALSE
"11238";"user8667";FALSE;1807;1308;32589;"2016-06-17 09:57:20";FALSE
"11249";"user8676";TRUE;4345;7509;53196;"2015-01-13 21:55:14";FALSE
"11250";"user8677";FALSE;4794;7530;11916;"2021-11-24 23:59:22";FALSE
"11251";"user8678";FALSE;8564;5173;32849;"2013-08-23 15:42:33";FALSE
"11282";"user8701";FALSE;3942;8416;39629;"2025-11-29 22:11:57";FALSE
"11368";"user8759";FALSE;5844;3787;33732;"2025-10-30 13:33:58";FALSE
"11398";"user8783";FALSE;5540;6843;63760;"2016-03-03 00:19:19";FALSE
"11510";"user8866";FALSE;5306;2336;97436;"2013-06-15 21:49:20";FALSE
"11524";"user8876";FALSE;4435;4404;57236;"2013-06-11 12:09:13";FALSE
"11536";"user8885";FALSE;3439;1803;87506;"2013-10-10 00:24:53";FALSE
"11537";"user8886";FALSE;2102;7097;56371;"2017-06-26 10:25:54";FALSE
"11557";"user8903";FALSE;8094;239;86243;"2018-11-21 18:21:47";FALSE
"11613";"user8940";FALSE;1281;9615;69102;"2013-02-06 22:30:26";FALSE
"11654";"user8963";FALSE;1124;3709;42318;"2024-02-12 02:49:36";FALSE
"11656";"user8965";FALSE;7013;3918;12547;"2019-07-23 14:44:20";FALSE
"11688";"user8989";FALSE;1510;6520;99602;"2023-06-14 20:31:28";FALSE
"11707";"user9001";FALSE;8017;3791;42291;"2024-06-01 18:25:00";FALSE
"11720";"user9007";FALSE;6464;7329;91049;"2025-07-26 09:24:36";FALSE
"11722";"user9009";FALSE;2309;3740;41454;"2018-03-28 15:44:15";FALSE
"11728";"user9014";FALSE;7163;7823;11301;"2025-11-09 19:14:18";FALSE
"11758";"user9037";FALSE;2046;9688;58425;"2018-09-23 18:31:09";FALSE
"11778";"user9048";FALSE;4372;3336;35040;"2020-04-22 22:02:54";FALSE
"11815";"user9078";FALSE;6964;8549;32864;"2014-10-19 23:50:50";FALSE
"11908";"user9154";FALSE;7293;6977;33932;"2025-11-11 08:23:04";FALSE
"11910";"user9156";FALSE;6004;4765;15926;"2021-09-15 17:15:04";FALSE
"11930";"user9170";FALSE;4573;5279;20214;"2026-01-08 02:16:00";FALSE
"12002";"user9218";FALSE;7460;5678;93965;"2022-05-20 02:00:11";FALSE
"12006";"user9221";FALSE;8775;5656;15293;"2019-01-24 11:22:55";FALSE
"12028";"user9237";FALSE;3112;8842;54322;"2024-08-11 09:40:15";FALSE
"12043";"user9246";FALSE;5744;9820;70454;"2017-09-15 06:12:39";FALSE
"12071";"user9266";FALSE;7318;5005;26284;"2024-08-26 23:21:48";FALSE
"12077";"user9270";FALSE;3488;9676;42904;"2013-09-14 03:27:36";FALSE
"12086";"user9277";FALSE;8259;237;24048;"2016-07-19 12:59:12";FALSE
"12131";"user9309";FALSE;9498;1100;89272;"2013-11-11 14:33:25";FALSE
"12139";"user9316";FALSE;1921;9871;16960;"2024-02-04 19:19:02";FALSE
"12141";"user9318";FALSE;5242;1600;55494;"2019-10-08 06:24:41";FALSE
"12151";"user9325";FALSE;3295;6359;2417;"2021-06-19 13:54:39";FALSE
"12156";"user9328";FALSE;6764;6107;34643;"2019-03-12 01:45:02";FALSE
"12177";"user9344";FALSE;4303;2901;21195;"2016-11-16 20:12:02";FALSE
"12204";"user9362";FALSE;3159;1480;35332;"2013-10-15 15:14:04";FALSE
"12211";"user9369";FALSE;9301;5219;77747;"2015-04-28 14:04:11";FALSE
"12214";"user9372";FALSE;8309;9282;87463;"2012-12-18 08:20:51";FALSE
"12217";"user9374";FALSE;6467;8100;67582;"2025-09-28 23:40:04";FALSE
"12258";"user9406";FALSE;852;3478;34596;"2025-05-22 22:23:35";FALSE
"12312";"user9450";FALSE;3826;9075;43629;"2021-06-02 18:28:42";FALSE
"12329";"user9461";FALSE;2874;187;83744;"2013-05-08 16:30:21";FALSE
"12339";"user9469";FALSE;956;3150;23079;"2025-06-14 18:37:24";FALSE
"12392";"user9511";FALSE;7194;5839;57016;"2024-11-23 11:11:11";FALSE
"12443";"user9555";TRUE;5233;491;56361;"2013-08-15 09:19:14";FALSE
"12453";"user9564";FALSE;7099;1297;70005;"2017-12-10 02:29:12";FALSE
"12503";"user9603";FALSE;679;6256;578;"2024-08-04 03:33:54";FALSE
"12541";"user9631";TRUE;9841;1564;41227;"2012-06-17 02:28:25";FALSE
"12543";"user9633";FALSE;8886;6866;18062;"2013-11-01 01:08:34";FALSE
"12549";"user9639";FALSE;1153;8267;59181;"2013-12-03 07:19:30";FALSE
"12567";"user9654";FALSE;8816;7807;36756;"2023-06-13 23:06:47";FALSE
"12570";"user9657";FALSE;8340;9936;9268;"2016-04-06 11:05:42";FALSE
"12607";"user9686";FALSE;605;8088;25392;"2013-06-12 18:14:48";FALSE
"12620";"user9698";FALSE;5392;2613;32756;"2025-09-29 20:33:26";FALSE
"12650";"user9724";FALSE;3477;5877;23681;"2025-05-08 21:18:53";FALSE
"12673";"user9742";FALSE;3835;7369;31324;"2013-10-03 02:51:48";FALSE
"12679";"user9747";FALSE;5553;8918;57577;"2016-01-11 16:40:47";FALSE
"12683";"user9749";FALSE;3977;1229;5298;"2017-12-14 15:40:35";FALSE
"12689";"user9755";FALSE;226;3715;81762;"2013-03-28 00:09:36";FALSE
"12699";"user9763";FALSE;3030;839;2612;"2020-05-19 16:27:06";FALSE
"12715";"user9774";FALSE;1372;9276;29784;"2014-06-18 01:21:16";FALSE
"12720";"user9775";FALSE;8411;7017;93900;"2017-12-18 03:54:23";FALSE
"12766";"user9808";TRUE;3405;1092;92764;"2021-07-07 12:14:24";FALSE
"12790";"user9828";FALSE;4230;6741;23683;"2013-06-17 23:14:35";FALSE
"12801";"user9839";FALSE;4315;1541;55589;"2019-08-23 02:28:39";FALSE
"12825";"user9857";FALSE;5291;2457;77019;"2012-11-26 15:44:42";FALSE
"12897";"user9907";FALSE;7716;9809;43202;"2022-01-19 09:15:37";FALSE
"12917";"user9920";FALSE;7163;6994;59710;"2015-08-10 10:42:55";FALSE
"12929";"user9930";TRUE;1898;2147;97693;"2013-05-09 21:05:39";FALSE
"12942";"user9938";FALSE;1679;8999;9508;"2016-09-19 15:28:31";FALSE
"12945";"user9939";FALSE;7226;3934;99007;"2024-07-10 16:53:15";FALSE
"12950";"user9943";FALSE;1501;1138;4555;"2024-08-23 15:27:17";FALSE
"12987";"user9972";FALSE;5822;8271;54759;"2013-09-27 22:34:28";FALSE
"13051";"user10019";FALSE;8900;2147;80621;"2018-08-10 17:25:55";FALSE
"13070";"user10034";FALSE;1420;8477;30460;"2013-10-02 08:48:08";FALSE
"13121";"user10070";FALSE;5875;4678;78414;"2018-09-30 12:27:58";FALSE
"13129";"user10076";FALSE;7188;1495;84988;"2015-11-21 14:34:06";FALSE
"13156";"user10095";FALSE;4812;6174;2280;"2025-10-22 00:29:27";FALSE
"13161";"user10099";FALSE;4958;3494;32185;"2024-06-30 19:38:13";FALSE
"13195";"user10121";FALSE;2938;5912;87269;"2024-09-08 07:39:54";FALSE
"13207";"user10130";FALSE;478;2382;45859;"2013-04-16 00:35:49";FALSE
"13218";"user10138";FALSE;5084;2008;38532;"2024-05-27 23:45:10";FALSE
"13219";"user10139";TRUE;7270;2012;52305;"2021-02-02 15:23:36";FALSE
"13279";"user10177";FALSE;3828;4139;53936;"2025-12-25 23:01:46";FALSE
"13296";"user10191";FALSE;4854;4425;53180;"2025-12-25 15:26:52";FALSE
"13309";"user10201";FALSE;4152;3551;62245;"2016-11-26 01:50:14";FALSE
"13345";"user10229";FALSE;365;3128;97063;"2024-08-15 21:48:20";FALSE
"13391";"user10258";FALSE;3690;6952;62828;"2024-06-21 12:46:59";FALSE
"13392";"user10259";FALSE;6236;3247;26596;"2016-12-22 00:40:09";FALSE
"13394";"user10261";FALSE;3707;8658;60571;"2018-07-21 16:34:18";FALSE
"13410";"user10272";FALSE;5882;6113;48019;"2025-11-13 13:47:34";FALSE
"13412";"user10274";FALSE;1129;5839;49849;"2017-08-07 15:08:56";FALSE
"13414";"user10276";FALSE;5931;8919;1368;"2013-08-09 03:28:51";FALSE
"13416";"user10278";FALSE;1143;75;19788;"2024-08-17 15:33:44";FALSE
"13433";"user10288";FALSE;6014;178;98250;"2022-02-03 22:36:25";FALSE
"13437";"user10291";FALSE;9994;2574;78698;"2016-08-13 10:08:21";FALSE
"13453";"user10303";FALSE;2616;5340;86559;"2015-06-27 11:28:59";FALSE
"13492";"user10329";FALSE;619;3934;9303;"2024-02-07 15:26:10";FALSE
"13514";"user10343";FALSE;2146;6492;29313;"2016-02-22 10:41:25";FALSE
"13557";"user10372";FALSE;2002;439;10938;"2016-06-16 00:30:16";FALSE
"13563";"user10375";FALSE;6270;1993;36189;"2013-10-04 00:13:09";FALSE
"13567";"user10379";FALSE;6711;1938;78001;"2012-07-08 18:20:08";FALSE
"13584";"user10390";FALSE;3177;9690;53920;"2025-10-07 11:43:52";FALSE
"13591";"user10395";TRUE;1666;7534;64530;"2016-09-14 14:45:38";FALSE
"13611";"user10412";FALSE;5146;5783;59612;"2014-12-22 13:42:45";FALSE
"13612";"user10413";FALSE;7291;9937;10159;"2024-12-25 21:58:43";FALSE
"13619";"user10418";FALSE;4171;6096;53646;"2016-11-23 17:29:08";FALSE
"13635";"user10430";FALSE;8855;8599;58383;"2025-05-28 04:05:27";FALSE
"13649";"user10438";TRUE;7812;7482;83969;"2017-04-13 04:18:59";FALSE
"13659";"user10445";FALSE;1963;3368;61483;"2020-03-27 01:26:05";FALSE
"13668";"user10452";FALSE;6880;6879;3205;"2015-08-08 19:46:00";FALSE
"13673";"user10456";FALSE;4861;6465;73129;"2025-12-24 16:06:45";FALSE
"13757";"user10519";FALSE;101;6930;47134;"2025-03-04 16:37:43";FALSE
"13766";"user10526";FALSE;1850;837;49510;"2013-08-22 13:36:09";FALSE
"13777";"user10532";FALSE;3699;7933;29302;"2019-02-09 04:19:13";FALSE
"13787";"user10539";FALSE;420;6116;76893;"2025-01-28 17:49:05";FALSE
"13807";"user10557";FALSE;3119;7505;11272;"2018-04-28 16:01:10";FALSE
"13835";"user10579";FALSE;4673;2252;32479;"2017-04-22 02:00:26";FALSE
"13843";"user10586";FALSE;9376;6138;40811;"2018-02-11 17:58:01";FALSE
"13865";"user10605";FALSE;2002;2276;80861;"2015-03-11 16:27:58";FALSE
"13897";"user10632";FALSE;5314;6656;27499;"2015-12-29 08:35:13";FALSE
"13928";"user10656";FALSE;3489;9629;10695;"2015-09-29 18:01:35";FALSE
"13945";"user10667";FALSE;2607;556;26593;"2013-07-28 09:41:51";FALSE
"13966";"user10683";FALSE;9850;8973;78970;"2021-08-21 21:12:48";FALSE
"13983";"user10696";FALSE;163;1487;65653;"2024-08-07 19:18:57";FALSE
"13984";"user10697";FALSE;8022;3638;62286;"2024-03-01 17:34:02";FALSE
"13985";"user10698";TRUE;3950;9369;24460;"2013-05-15 14:46:59";FALSE
"13994";"user10704";FALSE;6690;8845;94463;"2012-09-06 20:55:59";FALSE
"14007";"user10712";FALSE;3594;6124;78606;"2013-09-09 17:26:13";FALSE
"14030";"user10726";FALSE;234;4943;33459;"2025-10-29 16:31:46";FALSE
"14039";"user10731";FALSE;8603;3490;3146;"2025-10-14 21:27:29";FALSE
"14053";"user10739";FALSE;9128;185;75816;"2018-06-06 23:41:10";FALSE
"14054";"user10740";FALSE;8049;1690;64540;"2020-05-29 18:20:52";FALSE
"14085";"user10760";FALSE;1151;1262;3764;"2017-12-27 02:35:14";FALSE
"14091";"user10765";FALSE;5070;6225;32995;"2021-01-20 01:32:58";FALSE
"14138";"user10798";FALSE;8328;7490;38544;"2025-11-07 10:56:36";FALSE
"14148";"user10806";FALSE;9043;750;71770;"2013-06-27 17:57:11";FALSE
"14154";"user10810";FALSE;8434;9275;99045;"2026-01-02 17:17:53";FALSE
"14207";"user10842";FALSE;5800;5754;68610;"2014-09-25 15:41:36";FALSE
"14208";"user10843";FALSE;3916;487;43105;"2017-06-01 11:04:20";FALSE
"14245";"user10873";FALSE;3725;5861;72302;"2019-11-07 07:17:49";FALSE
"14266";"user10888";FALSE;5763;8531;6038;"2025-11-09 17:58:58";FALSE
"14285";"user10902";FALSE;7243;9061;73491;"2015-08-23 14:49:28";FALSE
"14288";"user10905";FALSE;8252;3378;49063;"2017-07-07 20:44:32";FALSE
"14294";"user10910";FALSE;5594;5894;87146;"2014-06-25 16:19:50";FALSE
"14316";"user10924";FALSE;9994;1507;15227;"2024-11-06 02:30:12";FALSE
"14321";"user10929";FALSE;5394;8200;93116;"2013-05-14 20:41:40";FALSE
"14330";"user10934";FALSE;8470;5957;54232;"2019-08-04 15:45:06";FALSE
"14359";"user10958";FALSE;2897;8691;33859;"2016-09-27 16:52:00";FALSE
"14473";"user11038";FALSE;5292;9921;95684;"2016-12-22 02:22:15";FALSE
"14524";"user11074";FALSE;4945;5090;22981;"2014-08-06 07:16:05";FALSE
"14598";"user11116";FALSE;8496;8238;43648;"2025-07-13 18:13:38";FALSE
"14606";"user11121";FALSE;7612;7851;95951;"2022-12-22 15:06:16";FALSE
"14615";"user11126";TRUE;3361;9191;69200;"2013-04-23 20:40:24";FALSE
"14680";"user11167";FALSE;7543;2853;2758;"2025-11-16 06:53:58";FALSE
"14693";"user11177";FALSE;7126;2749;50745;"2017-09-29 18:22:58";FALSE
"14700";"user11182";FALSE;1270;9121;4342;"2015-03-29 16:45:43";FALSE
"14725";"user11198";FALSE;4609;825;32681;"2014-01-24 18:52:45";FALSE
"14764";"user11224";FALSE;6273;808;41417;"2024-11-18 09:34:03";FALSE
"14807";"user11258";FALSE;4127;959;74157;"2013-05-17 00:54:28";FALSE
"14808";"user11259";FALSE;2487;4368;36936;"2015-04-01 19:44:47";FALSE
"14818";"user11265";TRUE;8126;8667;87071;"2018-06-30 14:21:51";FALSE
"14879";"user11312";FALSE;8146;142;41075;"2018-01-09 21:00:43";FALSE
"14893";"user11321";TRUE;4300;3415;38690;"2014-05-07 17:18:01";FALSE
"14914";"user11335";FALSE;5507;6023;44687;"2014-12-12 16:13:15";FALSE
"14918";"user11338";FALSE;8477;7312;11430;"2023-07-26 08:42:39";FALSE
"14991";"user11374";FALSE;2338;6837;65445;"2021-03-05 21:38:11";FALSE
"15017";"user11392";FALSE;1403;7713;16912;"2015-03-27 11:26:11";FALSE
"15045";"user11414";FALSE;1101;8238;78144;"2022-12-27 18:00:20";FALSE
"15046";"user11415";FALSE;8869;4600;17266;"2020-02-29 19:42:41";FALSE
"15075";"user11436";FALSE;3312;1369;20330;"2025-05-27 20:11:01";FALSE
"15080";"user11439";FALSE;9886;244;93629;"2018-08-15 09:41:34";FALSE
"15155";"user11486";FALSE;7471;6890;59676;"2017-05-22 04:23:10";FALSE
"15170";"user11494";FALSE;399;367;22001;"2023-05-27 13:48:24";FALSE
"15175";"user11496";FALSE;114;1071;52542;"2014-01-03 14:53:43";FALSE
"15176";"user11497";FALSE;9238;8527;44894;"2025-01-21 03:34:57";FALSE
"15188";"user11506";FALSE;2853;2844;99624;"2025-11-16 04:45:01";FALSE
"15214";"user11529";FALSE;8934;874;42187;"2025-11-16 20:11:41";FALSE
"15231";"user11542";FALSE;9487;3261;50922;"2015-09-19 19:05:53";FALSE
"15242";"user11549";FALSE;1508;4221;54412;"2015-08-08 11:15:07";FALSE
"15255";"user11558";FALSE;4647;8942;50118;"2024-09-29 12:49:28";FALSE
"15301";"user11591";FALSE;5656;2890;62734;"2021-11-11 18:47:35";FALSE
"15321";"user11603";FALSE;6105;6619;70262;"2015-09-03 18:39:32";FALSE
"15327";"user11608";FALSE;641;2037;25074;"2018-06-29 19:42:39";FALSE
"15338";"user11616";FALSE;9391;7000;79539;"2017-04-09 10:55:16";FALSE
"15346";"user11621";FALSE;1752;3934;47207;"2025-01-07 17:14:39";FALSE
"15356";"user11629";FALSE;281;2372;36935;"2022-09-02 08:04:28";FALSE
"15364";"user11634";FALSE;1652;5614;68074;"2017-01-04 06:04:37";FALSE
"15403";"user11658";FALSE;4912;3746;90264;"2017-08-30 23:01:30";FALSE
"15408";"user11663";FALSE;2453;5250;83106;"2023-11-30 14:28:27";FALSE
"15430";"user11681";FALSE;5196;8222;30912;"2014-11-10 17:16:05";FALSE
"15434";"user11685";FALSE;734;6977;89378;"2017-10-09 22:23:51";FALSE
"15455";"user11703";FALSE;1460;263;42712;"2021-10-28 13:19:10";FALSE
"15463";"user11710";FALSE;9780;125;23309;"2024-08-04 03:03:04";FALSE
"15464";"user11711";FALSE;6043;4743;41958;"2016-06-30 22:36:07";FALSE
"15470";"user11715";FALSE;8058;1167;62221;"2023-12-12 20:30:51";FALSE
"15490";"user11724";FALSE;2365;6867;68312;"2017-03-21 23:57:27";FALSE
"15551";"user11768";FALSE;7734;3737;36006;"2017-11-02 07:24:43";FALSE
"15554";"user11769";FALSE;4048;7317;86883;"2017-05-27 03:38:38";FALSE
"15561";"user11776";FALSE;2312;3593;78626;"2021-11-17 17:50:48";FALSE
"15562";"user11777";FALSE;7118;5127;55575;"2023-03-21 21:02:37";FALSE
"15568";"user11781";FALSE;1929;3054;45897;"2021-08-21 16:20:52";FALSE
"15584";"user11790";TRUE;7186;2296;58849;"2018-08-07 15:56:29";FALSE
"15589";"user11793";FALSE;3092;2053;32474;"2018-07-05 18:56:41";FALSE
"15612";"user11808";FALSE;9700;5235;77246;"2012-09-04 14:25:32";FALSE
"15626";"user11820";FALSE;8955;1641;41349;"2020-09-06 10:40:49";FALSE
"15693";"user11871";FALSE;396;9260;78353;"2017-05-06 19:28:14";FALSE
"15753";"user11915";FALSE;2597;5365;81171;"2015-09-09 20:39:13";FALSE
"15767";"user11924";FALSE;6065;7990;55677;"2019-09-30 18:13:18";FALSE
"15773";"user11929";FALSE;9102;3252;71844;"2016-08-10 22:08:22";FALSE
"15792";"user11940";FALSE;7380;9315;7941;"2024-06-16 21:14:45";FALSE
"15810";"user11953";FALSE;8780;3664;9978;"2020-03-09 21:27:43";FALSE
"15814";"user11957";FALSE;8514;7256;75841;"2024-06-06 15:53:14";FALSE
"15815";"user11958";FALSE;1219;9291;25129;"2024-04-24 18:32:59";FALSE
"15825";"user11965";FALSE;4694;3527;68120;"2014-04-23 20:14:59";FALSE
"15832";"user11971";FALSE;3631;6473;30925;"2013-10-14 15:29:32";FALSE
"15842";"user11980";TRUE;2309;7344;40679;"2013-03-26 21:42:10";FALSE
"15860";"user11991";FALSE;8011;5277;65779;"2022-07-21 17:01:41";FALSE
"15875";"user12004";FALSE;1274;7207;29377;"2015-06-05 20:15:15";FALSE
"15876";"user12005";FALSE;5519;4098;36035;"2022-05-03 19:47:10";FALSE
"15882";"user12008";TRUE;1213;999;18035;"2014-02-03 20:56:31";FALSE
"15948";"user12049";FALSE;4794;9175;7767;"2016-01-17 12:57:09";FALSE
"15959";"user12054";FALSE;9629;287;64314;"2021-08-25 01:10:39";FALSE
"15974";"user12064";FALSE;2520;6990;81213;"2025-11-26 15:17:22";FALSE
"15999";"user12082";FALSE;4918;4278;17832;"2019-11-20 16:44:25";FALSE
"16006";"user12088";FALSE;7558;160;68737;"2016-07-08 18:54:10";FALSE
"16009";"user12090";FALSE;9889;4505;92069;"2013-07-20 01:16:22";FALSE
"16065";"user12132";FALSE;5956;4886;6658;"2018-09-29 11:11:25";FALSE
"16081";"user12143";FALSE;5526;1014;64484;"2024-12-12 20:46:15";FALSE
"16087";"user12148";FALSE;9148;6651;52780;"2021-10-23 23:26:28";FALSE
"16121";"user12174";FALSE;7100;3768;36217;"2023-07-18 03:43:02";FALSE
"16124";"user12176";TRUE;2004;8915;34316;"2012-03-24 00:10:51";FALSE
"16140";"user12187";FALSE;3770;4414;31170;"2015-10-31 19:03:13";FALSE
"16145";"user12190";FALSE;8044;8066;10468;"2017-01-29 14:26:54";FALSE
"16154";"user12196";FALSE;5418;2048;82204;"2025-09-17 01:01:02";FALSE
"16160";"user12201";FALSE;9543;7947;27272;"2013-06-30 06:21:22";FALSE
"16163";"user12202";FALSE;7365;7189;44321;"2015-10-08 05:14:27";FALSE
"16195";"user12224";FALSE;3687;1825;7200;"2011-10-05 14:33:41";FALSE
"16206";"user12232";FALSE;7825;9962;55218;"2021-01-06 16:24:59";FALSE
"16231";"user12248";FALSE;5529;3301;68257;"2022-10-09 19:52:23";FALSE
"16239";"user12252";FALSE;7412;1911;66592;"2015-06-14 05:47:23";FALSE
"16311";"user12300";FALSE;9972;2672;38008;"2015-03-11 23:25:48";FALSE
"16317";"user12304";FALSE;2846;9682;63363;"2012-11-25 16:31:18";FALSE
"16323";"user12308";FALSE;3313;1887;97997;"2019-12-08 10:15:54";FALSE
"16332";"user12314";FALSE;1732;1116;17787;"2014-02-06 07:34:29";FALSE
"16338";"user12320";FALSE;7276;7544;93897;"2025-04-01 21:23:28";FALSE
"16360";"user12336";FALSE;5496;1070;99927;"2025-05-22 05:47:31";FALSE
"16378";"user12348";FALSE;8428;6872;77018;"2018-04-27 19:42:20";FALSE
"16391";"user12358";FALSE;9154;6858;54560;"2022-07-03 12:24:37";FALSE
"16430";"user12384";FALSE;2868;2249;4807;"2013-10-30 13:12:16";FALSE
"16431";"user12385";FALSE;6458;9967;89052;"2018-11-02 03:05:59";FALSE
"16496";"user12427";FALSE;8783;7489;70508;"2012-09-17 22:23:29";FALSE
"16521";"user12446";FALSE;3123;4362;96942;"2015-10-09 02:18:46";FALSE
"16528";"user12451";TRUE;9698;1285;64826;"2016-12-01 15:37:23";FALSE
"16530";"user12453";FALSE;4764;6304;32446;"2025-11-16 21:11:42";FALSE
"16570";"user12471";FALSE;9789;8041;67357;"2020-01-09 22:19:36";FALSE
"16582";"user12481";FALSE;9985;5258;48273;"2024-09-27 03:15:16";FALSE
"16612";"user12503";FALSE;7834;7291;84266;"2015-07-21 11:18:52";FALSE
"16631";"user12513";FALSE;4458;9670;40970;"2023-03-30 20:05:11";FALSE
"16643";"user12520";FALSE;1820;3113;82429;"2017-06-26 10:57:54";FALSE
"16645";"user12521";FALSE;1730;1984;65439;"2022-09-07 19:35:58";FALSE
"16676";"user12541";FALSE;7459;1900;74496;"2025-12-09 17:10:49";FALSE
"16686";"user12549";FALSE;8505;3973;1108;"2024-07-06 22:41:39";FALSE
"16689";"user12552";FALSE;9206;8856;21589;"2015-11-22 20:52:33";FALSE
"16690";"user12553";FALSE;6268;7126;68336;"2018-12-26 22:13:30";FALSE
"16693";"user12556";FALSE;2127;3407;60581;"2025-03-24 14:16:22";FALSE
"16696";"user12559";FALSE;2690;6783;33587;"2025-03-04 18:45:40";FALSE
"16698";"user12561";FALSE;4394;3064;32410;"2025-03-21 16:15:46";FALSE
"16701";"user12563";FALSE;735;7920;48736;"2020-12-19 18:15:36";FALSE
"16703";"user12565";FALSE;1822;776;64902;"2021-08-04 03:36:29";FALSE
"16708";"user12569";FALSE;706;9843;27327;"2025-04-15 17:08:33";FALSE
"16715";"user12574";FALSE;684;3437;79159;"2013-09-18 14:05:47";FALSE
"16717";"user12576";FALSE;2219;5040;68540;"2015-11-12 19:33:02";FALSE
"16719";"user12577";FALSE;5849;9942;9037;"2017-05-19 03:07:35";FALSE
"16721";"user12579";FALSE;8741;9667;42653;"2017-11-16 02:29:15";FALSE
"16726";"user12583";FALSE;6684;3798;39305;"2025-02-19 17:24:36";FALSE
"16728";"user12585";FALSE;4901;5506;34567;"2013-04-07 22:30:33";FALSE
"16730";"user12586";FALSE;2045;3226;43315;"2013-06-06 05:05:32";FALSE
"16732";"user12588";FALSE;1860;4259;3082;"2013-07-06 21:05:15";FALSE
"16735";"user12591";FALSE;1987;1449;56715;"2013-07-19 00:45:04";FALSE
"16739";"user12594";FALSE;1963;3757;74941;"2013-07-19 11:58:27";FALSE
"16741";"user12596";FALSE;1562;3954;55300;"2013-08-02 01:25:11";FALSE
"16744";"user12598";FALSE;9112;9489;17260;"2013-08-02 03:21:19";FALSE
"16747";"user12601";FALSE;4002;4542;76299;"2013-08-06 01:23:19";FALSE
"16748";"user12602";FALSE;9947;8393;57774;"2013-09-02 19:54:04";FALSE
"16755";"user12604";FALSE;3645;9849;68659;"2013-09-04 18:32:39";FALSE
"16759";"user12606";FALSE;4629;8195;22262;"2013-09-14 02:06:16";FALSE
"16761";"user12608";FALSE;8239;4690;99457;"2014-04-19 02:20:14";FALSE
"16764";"user12609";FALSE;238;3150;26720;"2014-04-22 02:46:51";FALSE
"16766";"user12611";FALSE;2133;1969;78570;"2014-05-06 17:58:26";FALSE
"16768";"user12613";FALSE;5450;4853;2563;"2014-07-03 02:14:49";FALSE
"16769";"user12614";FALSE;2892;469;78533;"2017-02-19 05:28:07";FALSE
"16771";"user12616";FALSE;9386;7371;43856;"2014-08-21 03:29:44";FALSE
"16774";"user12619";FALSE;7916;4806;6080;"2014-09-26 14:11:36";FALSE
"16775";"user12620";FALSE;6743;9368;56110;"2014-09-30 13:30:53";FALSE
"16778";"user12623";FALSE;7868;608;38757;"2014-10-01 16:58:19";FALSE
"16780";"user12625";FALSE;8658;5402;93598;"2014-10-05 18:49:10";FALSE
"16782";"user12627";FALSE;6787;3090;42583;"2014-10-07 12:19:58";FALSE
"16784";"user12629";FALSE;8306;6692;29502;"2014-11-13 01:18:11";FALSE
"16788";"user12633";FALSE;4622;7302;33429;"2014-11-23 13:58:54";FALSE
"16792";"user12635";FALSE;5939;2007;44890;"2015-03-07 05:44:21";FALSE
"16797";"user12640";FALSE;6438;1586;97529;"2015-03-13 02:34:57";FALSE
"16801";"user12643";FALSE;7695;3307;37915;"2015-03-18 04:48:26";FALSE
"16802";"user12644";FALSE;9043;9079;84828;"2020-07-09 17:21:39";FALSE
"16806";"user12647";FALSE;5706;5321;62954;"2015-06-07 08:22:32";FALSE
"16807";"user12648";FALSE;3998;3073;1879;"2015-06-16 14:40:45";FALSE
"16808";"user12649";FALSE;6792;2425;63192;"2015-09-20 03:20:18";FALSE
"16813";"user12653";FALSE;4074;6265;77032;"2016-02-24 04:19:01";FALSE
"16817";"user12654";FALSE;7872;6725;18044;"2016-02-24 18:51:10";FALSE
"16820";"user12657";FALSE;397;3031;28288;"2016-05-05 20:36:46";FALSE
"16821";"user12658";FALSE;7477;2117;9615;"2016-05-10 18:39:30";FALSE
"16824";"user12660";FALSE;5186;967;28737;"2016-05-24 22:50:32";FALSE
"16826";"user12662";FALSE;1305;2331;31660;"2016-06-14 23:47:25";FALSE
"16828";"user12664";TRUE;4434;7984;74429;"2018-08-13 19:26:23";FALSE
"16830";"user12666";FALSE;465;1641;63785;"2016-09-08 19:55:47";FALSE
"16836";"user12671";FALSE;4940;3413;37259;"2018-01-03 17:42:05";FALSE
"16837";"user12672";FALSE;6694;1883;96574;"2013-05-02 12:26:30";FALSE
"16839";"user12674";FALSE;179;6500;57973;"2014-09-16 21:28:42";FALSE
"16840";"user12675";FALSE;2494;8411;74528;"2017-01-24 22:42:29";FALSE
"16845";"user12679";FALSE;7010;3742;13119;"2017-03-08 00:24:11";FALSE
"16848";"user12681";FALSE;7557;8342;88730;"2017-04-07 15:27:29";FALSE
"16852";"user12684";FALSE;6948;2172;9388;"2017-08-04 17:59:26";FALSE
"16854";"user12686";FALSE;5879;9295;4905;"2017-11-07 23:58:58";FALSE
"16856";"user12688";FALSE;123;7510;40618;"2017-12-06 10:50:50";FALSE
"16858";"user12689";FALSE;3173;9864;99208;"2018-01-09 18:42:31";FALSE
"16864";"user12693";FALSE;7103;8091;14288;"2018-04-13 01:45:47";FALSE
"16865";"user12694";FALSE;4616;7441;31197;"2018-04-22 03:18:03";FALSE
"16867";"user12696";FALSE;8050;1796;89429;"2018-05-01 19:41:19";FALSE
"16869";"user12698";FALSE;7762;760;97397;"2018-05-25 20:13:06";FALSE
"16870";"user12699";FALSE;8745;7655;67139;"2018-07-12 21:49:52";FALSE
"16873";"user12702";FALSE;4180;5902;43859;"2018-08-04 12:49:29";FALSE
"16875";"user12704";FALSE;2218;4283;89614;"2018-08-09 22:54:15";FALSE
"16877";"user12705";FALSE;4013;619;53199;"2018-08-21 20:09:25";FALSE
"16880";"user12708";FALSE;9437;8967;49467;"2018-10-22 12:33:38";FALSE
"16884";"user12711";FALSE;7478;8702;26266;"2018-12-05 02:55:47";FALSE
"16889";"user12714";FALSE;7429;3361;49700;"2019-01-14 19:24:18";FALSE
"16890";"user12715";FALSE;1435;746;22235;"2019-02-07 21:32:16";FALSE
"16892";"user12717";FALSE;56;20184;200005;"2025-12-12 21:14:08";TRUE
"16894";"user12718";FALSE;7028;177;31272;"2019-04-02 15:04:48";FALSE
"16896";"user12720";FALSE;8130;162;12617;"2019-04-04 01:36:38";FALSE
"16898";"user12722";FALSE;7855;7803;84653;"2023-02-14 19:45:15";FALSE
"16899";"user12723";FALSE;5224;9773;36647;"2019-04-24 20:51:33";FALSE
"16903";"user12726";FALSE;4421;5112;59611;"2019-07-05 15:59:58";FALSE
"16905";"user12728";FALSE;3869;5777;22079;"2015-11-06 03:24:12";FALSE
"16906";"user12729";FALSE;4835;9954;24409;"2019-09-20 00:12:17";FALSE
"16907";"user12730";FALSE;3792;9563;31648;"2019-09-26 10:49:37";FALSE
"16908";"user12731";FALSE;1223;2236;82223;"2019-10-28 15:44:27";FALSE
"16911";"user12733";FALSE;127;5656;58584;"2019-08-26 19:53:30";FALSE
"16913";"user12735";FALSE;2602;3629;59000;"2019-09-22 16:14:47";FALSE
"16914";"user12736";FALSE;1696;7036;72183;"2024-10-01 18:52:24";FALSE
"16915";"user12737";FALSE;5684;9152;67032;"2019-11-23 12:21:18";FALSE
"16916";"user12738";FALSE;2465;554;18216;"2019-11-27 13:26:18";FALSE
"16917";"user12739";FALSE;5786;9607;6537;"2019-12-17 19:43:41";FALSE
"16922";"user12743";FALSE;5224;7091;60269;"2019-12-25 02:11:32";FALSE
"16925";"user12746";FALSE;7477;4290;66574;"2020-01-02 15:39:13";FALSE
"16927";"user12748";FALSE;9215;2321;24164;"2020-01-06 20:24:18";FALSE
"16930";"user12750";FALSE;7028;581;72396;"2020-01-13 19:28:57";FALSE
"16934";"user12753";FALSE;9865;9367;38263;"2020-01-19 11:24:44";FALSE
"16937";"user12754";FALSE;9923;225;85755;"2020-02-05 19:14:50";FALSE
"16942";"user12759";FALSE;1633;3101;89657;"2020-02-18 20:10:19";FALSE
"16945";"user12761";FALSE;5324;7407;89405;"2020-02-28 12:28:08";FALSE
"16947";"user12763";FALSE;5881;5068;22880;"2020-02-26 06:27:26";FALSE
"16950";"user12765";FALSE;4790;5997;42669;"2020-03-18 22:42:05";FALSE
"16953";"user12768";FALSE;9121;8146;74716;"2020-04-08 18:12:59";FALSE
"16957";"user12772";FALSE;1325;7490;35523;"2020-04-30 00:12:34";FALSE
"16963";"user12776";FALSE;3047;8802;64864;"2020-05-21 17:00:52";FALSE
"16967";"user12779";FALSE;3857;4145;59775;"2020-06-03 07:49:59";FALSE
"16970";"user12782";FALSE;2809;2136;14357;"2020-06-05 00:13:56";FALSE
"16971";"user12783";FALSE;7219;5596;20805;"2020-08-12 18:28:27";FALSE
"16975";"user12786";FALSE;8790;9144;16138;"2020-09-07 23:11:54";FALSE
"16976";"user12787";TRUE;8676;8298;60818;"2013-10-10 02:44:59";FALSE
"16980";"user12790";FALSE;7730;9456;90778;"2020-09-30 21:52:52";FALSE
"16986";"user12795";FALSE;6826;6251;94821;"2020-10-15 20:12:15";FALSE
"16987";"user12796";FALSE;6750;2322;67048;"2020-10-27 22:23:48";FALSE
"16989";"user12797";FALSE;5524;6840;44406;"2020-12-26 22:26:56";FALSE
"16991";"user12798";FALSE;7297;7958;54011;"2021-01-04 16:00:58";FALSE
"16996";"user12802";FALSE;4226;3520;52889;"2021-01-04 21:15:57";FALSE
"17000";"user12805";FALSE;1167;2511;4241;"2021-01-25 21:48:08";FALSE
"17003";"user12808";FALSE;8918;4070;95748;"2021-02-03 00:26:47";FALSE
"17005";"user12810";FALSE;4780;6441;6171;"2021-02-17 22:58:42";FALSE
"17006";"user12811";FALSE;7792;2723;51040;"2021-03-02 02:56:32";FALSE
"17009";"user12814";FALSE;931;6200;26085;"2021-03-12 18:53:04";FALSE
"17011";"user12816";FALSE;2418;3763;23101;"2021-03-31 17:54:13";FALSE
"17013";"user12818";FALSE;7466;1402;99204;"2021-03-31 23:45:30";FALSE
"17017";"user12821";FALSE;4355;371;51492;"2021-04-07 03:01:59";FALSE
"17022";"user12823";FALSE;4855;6906;50452;"2021-04-26 00:27:46";FALSE
"17023";"user12824";FALSE;5562;3126;47494;"2021-04-27 11:59:56";FALSE
"17024";"user12825";FALSE;3721;8635;21132;"2021-04-28 18:34:21";FALSE
"17027";"user12828";FALSE;1274;7045;2276;"2021-05-04 21:42:14";FALSE
"17030";"user12829";FALSE;6611;8392;24979;"2021-05-15 23:37:59";FALSE
"17031";"user12830";FALSE;8348;6486;13834;"2021-06-10 18:42:26";FALSE
"17033";"user12832";FALSE;1806;5857;21700;"2021-06-23 21:57:19";FALSE
"17036";"user12834";FALSE;5551;4679;53152;"2021-07-24 19:14:10";FALSE
"17041";"user12837";FALSE;1398;3629;69618;"2021-08-11 15:00:07";FALSE
"17044";"user12840";FALSE;445;684;58187;"2021-08-21 15:51:26";FALSE
"17046";"user12842";FALSE;7498;5165;91521;"2021-11-16 20:32:21";FALSE
"17050";"user12844";FALSE;4139;9445;311;"2022-02-04 14:37:15";FALSE
"17053";"user12845";FALSE;773;8053;59485;"2022-03-22 19:20:16";FALSE
"17055";"user12847";FALSE;7942;4791;84300;"2022-04-20 18:58:21";FALSE
"17060";"user12851";FALSE;6480;907;20381;"2022-04-27 23:04:24";FALSE
"17062";"user12852";FALSE;2563;7057;27934;"2022-05-19 22:15:41";FALSE
"17064";"user12853";FALSE;8990;8329;9648;"2022-05-24 17:32:05";FALSE
"17067";"user12855";FALSE;7075;3251;91884;"2022-06-13 13:28:30";FALSE
"17070";"user12858";FALSE;1645;1867;28143;"2022-07-27 18:05:37";FALSE
"17072";"user12860";FALSE;3067;2899;2644;"2022-03-17 03:51:03";FALSE
"17073";"user12861";FALSE;8585;4590;58053;"2022-09-23 15:57:57";FALSE
"17074";"user12862";FALSE;1265;2471;94611;"2022-10-07 21:06:20";FALSE
"17075";"user12863";FALSE;8002;6890;86912;"2022-11-14 22:02:33";FALSE
"17078";"user12866";FALSE;7009;6296;79023;"2023-01-09 21:05:29";FALSE
"17079";"user12867";FALSE;1859;9832;52702;"2023-01-20 15:38:19";FALSE
"17084";"user12871";FALSE;3132;2408;69573;"2023-01-30 23:46:52";FALSE
"17088";"user12874";FALSE;6357;5674;84235;"2023-02-03 16:51:01";FALSE
"17090";"user12876";FALSE;2465;2048;7538;"2023-02-17 19:23:36";FALSE
"17094";"user12879";FALSE;3403;7149;64098;"2023-02-24 17:10:39";FALSE
"17098";"user12881";FALSE;1906;4899;54821;"2023-04-21 18:46:38";FALSE
"17103";"user12883";FALSE;63;5113;82313;"2023-05-27 22:13:34";FALSE
"17109";"user12889";FALSE;5695;3562;85327;"2023-06-01 17:23:14";FALSE
"17111";"user12890";FALSE;6595;2008;46056;"2023-10-27 17:23:08";FALSE
"17116";"user12894";FALSE;5805;6411;22693;"2023-12-18 19:13:46";FALSE
"17119";"user12896";FALSE;8740;2463;6073;"2023-12-21 18:10:11";FALSE
"17122";"user12898";FALSE;9094;5641;29985;"2023-12-26 20:50:58";FALSE
"17124";"user12900";FALSE;7743;5356;78004;"2016-12-11 07:45:24";FALSE
"17125";"user12901";FALSE;3235;6432;3540;"2023-12-29 00:04:22";FALSE
"17127";"user12903";FALSE;1170;2516;75668;"2024-02-22 21:12:31";FALSE
"17128";"user12904";FALSE;8875;1296;71869;"2016-12-11 13:22:49";FALSE
"17133";"user12907";FALSE;2491;1709;48279;"2024-03-11 19:36:38";FALSE
"17134";"user12908";FALSE;9161;8816;75145;"2024-03-28 15:27:57";FALSE
"17136";"user12910";FALSE;9285;3681;20308;"2024-04-12 21:10:48";FALSE
"17138";"user12912";FALSE;8064;8804;30700;"2024-04-25 18:45:09";FALSE
"17141";"user12915";FALSE;204;896;32780;"2024-06-19 02:10:52";FALSE
"17144";"user12918";FALSE;7317;6244;36746;"2024-10-21 20:35:53";FALSE
"17148";"user12921";FALSE;665;5261;16921;"2024-11-21 14:11:26";FALSE
"17150";"user12923";FALSE;4091;4713;68334;"2024-11-26 18:38:22";FALSE
"17151";"user12924";FALSE;4957;829;98288;"2024-12-16 22:49:10";FALSE
"17155";"user12926";FALSE;3524;6178;61336;"2025-02-01 15:28:36";FALSE
"17156";"user12927";FALSE;2974;9444;99473;"2013-08-20 09:29:06";FALSE
"17157";"user12928";FALSE;9994;1545;18138;"2025-02-05 18:07:13";FALSE
"17159";"user12930";FALSE;2837;9995;26862;"2025-02-13 00:28:24";FALSE
"17161";"user12931";FALSE;1438;8306;13755;"2025-02-15 16:36:55";FALSE
"17163";"user12932";FALSE;107;4929;63843;"2025-02-27 19:28:24";FALSE
"17165";"user12934";FALSE;8931;8568;5154;"2025-03-18 16:34:04";FALSE
"17169";"user12936";FALSE;2834;7539;67391;"2025-04-01 21:06:57";FALSE
"17171";"user12937";FALSE;1385;7019;75647;"2025-04-05 02:09:20";FALSE
"17172";"user12938";FALSE;377;5009;13528;"2024-05-13 06:55:48";FALSE
"17174";"user12940";FALSE;1815;9302;63754;"2025-04-15 22:45:33";FALSE
"17179";"user12944";FALSE;6362;5744;7264;"2025-07-23 00:00:08";FALSE
"17181";"user12946";FALSE;3794;2767;71401;"2025-08-23 03:57:50";FALSE
"17183";"user12948";FALSE;6360;6760;51146;"2025-09-05 16:52:54";FALSE
"17187";"user12952";FALSE;9341;7573;3445;"2025-10-02 05:59:23";FALSE
"17188";"user12953";FALSE;1935;9071;75843;"2025-10-07 20:18:03";FALSE
"17230";"user12983";FALSE;9641;2234;32556;"2017-05-29 07:10:05";FALSE
"17249";"user12995";FALSE;3465;8180;4097;"2017-06-06 21:13:21";FALSE
"17264";"user13007";FALSE;1208;7801;44547;"2022-04-08 02:20:31";FALSE
"17298";"user13030";FALSE;4839;7600;66812;"2025-05-16 21:24:10";FALSE
"17409";"user13112";FALSE;9967;7103;31783;"2023-08-28 09:08:57";FALSE
"17432";"user13129";FALSE;4893;2279;23386;"2021-05-07 20:11:06";FALSE
"17454";"user13144";FALSE;9521;9974;83597;"2018-02-12 23:07:39";FALSE
"17457";"user13146";FALSE;6481;583;33373;"2016-09-18 14:21:55";FALSE
"17464";"user13151";FALSE;8406;677;91296;"2023-12-01 18:34:14";FALSE
"17465";"user13152";FALSE;8387;449;5667;"2013-06-12 23:28:06";FALSE
"17528";"user13198";FALSE;5287;7548;8538;"2018-12-10 10:05:15";FALSE
"17547";"user13210";FALSE;8860;3625;55748;"2014-05-07 16:25:23";FALSE
"17583";"user13232";FALSE;260;6338;88052;"2013-05-01 14:26:37";FALSE
"17598";"user13246";FALSE;170;1134;27970;"2012-12-06 18:44:17";FALSE
"17681";"user13306";FALSE;3801;2845;19446;"2025-09-06 01:10:07";FALSE
"17684";"user13309";FALSE;4078;6294;99970;"2021-10-01 01:25:09";FALSE
"17707";"user13328";FALSE;8719;2180;24343;"2013-07-16 03:21:22";FALSE
"17792";"user13389";FALSE;2795;4683;21547;"2014-07-29 21:46:18";FALSE
"17849";"user13431";FALSE;2462;9892;52144;"2018-11-07 11:23:39";FALSE
"17853";"user13434";FALSE;6130;6807;40837;"2024-10-10 10:05:53";FALSE
"17859";"user13438";FALSE;172;8012;84055;"2016-05-11 15:52:15";FALSE
"17901";"user13459";FALSE;6553;3028;59820;"2015-08-27 01:41:07";FALSE
"17912";"user13468";FALSE;1828;2518;38203;"2019-08-10 23:30:26";FALSE
"17922";"user13475";FALSE;9123;8880;62913;"2020-10-14 18:47:37";FALSE
"17928";"user13480";FALSE;8431;5495;34035;"2015-03-21 17:43:24";FALSE
"18006";"user13535";FALSE;831;6649;78132;"2021-11-13 13:26:00";FALSE
"18060";"user13573";FALSE;4502;132;52366;"2019-12-16 05:19:28";FALSE
"18076";"user13585";FALSE;8573;4694;82443;"2018-05-24 03:45:42";FALSE
"18084";"user13593";TRUE;9008;2919;66184;"2015-07-22 20:23:35";FALSE
"18101";"user13606";FALSE;4231;5188;41088;"2013-12-06 04:29:47";FALSE
"18117";"user13618";FALSE;8759;2781;62961;"2013-05-25 14:37:55";FALSE
"18185";"user13669";FALSE;4119;9254;99102;"2015-06-19 23:34:29";FALSE
"18216";"user13694";FALSE;9060;6231;98469;"2016-08-08 15:32:55";FALSE
"18226";"user13702";FALSE;7692;6879;3925;"2022-09-12 16:35:07";FALSE
"18233";"user13707";FALSE;2547;8549;36850;"2015-01-10 20:50:52";FALSE
"18235";"user13709";FALSE;7791;659;50150;"2014-01-03 02:03:38";FALSE
"18253";"user13723";TRUE;772;3082;45077;"2013-04-24 17:48:14";FALSE
"18261";"user13728";FALSE;1357;582;85132;"2025-04-24 19:15:04";FALSE
"18283";"user13744";FALSE;3186;9002;61844;"2024-09-06 21:40:55";FALSE
"18290";"user13751";FALSE;5715;214;27683;"2016-01-18 20:32:03";FALSE
"18297";"user13758";FALSE;8473;1349;80580;"2025-03-12 20:06:28";FALSE
"18304";"user13761";FALSE;5237;8222;35452;"2018-04-06 03:03:43";FALSE
"18306";"user13763";FALSE;6227;4014;6171;"2025-11-19 08:56:02";FALSE
"18324";"user13776";FALSE;1775;5262;48190;"2018-12-10 20:34:11";FALSE
"18340";"user13789";FALSE;1717;7376;47778;"2019-02-13 00:11:28";FALSE
"18350";"user13798";FALSE;8378;8035;66990;"2015-09-12 23:51:38";FALSE
"18353";"user13800";FALSE;2083;71;29071;"2013-09-06 04:45:31";FALSE
"18419";"user13844";FALSE;4721;8254;28054;"2017-02-15 20:31:59";FALSE
"18423";"user13848";FALSE;2712;4213;28245;"2022-05-08 21:04:10";FALSE
"18474";"user13883";FALSE;1122;2759;86568;"2016-12-12 12:53:46";FALSE
"18504";"user13899";FALSE;5828;858;16074;"2022-04-17 01:36:17";FALSE
"18531";"user13917";FALSE;2697;156;14767;"2024-09-03 09:26:22";FALSE
"18546";"user13924";FALSE;4236;8260;36857;"2016-05-03 16:24:06";FALSE
"18575";"user13943";FALSE;3745;962;62190;"2020-08-24 15:08:55";FALSE
"18583";"user13949";FALSE;4933;5669;91109;"2020-10-22 02:49:44";FALSE
"18632";"user13979";FALSE;1574;7545;23315;"2014-06-02 00:15:31";FALSE
"18633";"user13980";FALSE;8425;3024;90939;"2013-09-02 22:41:53";FALSE
"18661";"user13996";FALSE;2603;7812;3123;"2013-05-09 19:19:26";FALSE
"18698";"user14027";FALSE;8821;5813;65546;"2016-02-19 21:11:16";FALSE
"18730";"user14046";FALSE;1404;6206;30860;"2013-10-25 02:50:00";FALSE
"18736";"user14050";FALSE;7047;3608;71940;"2019-07-24 09:08:12";FALSE
"18747";"user14060";FALSE;5657;6323;76934;"2017-01-17 02:40:16";FALSE
"18772";"user14078";FALSE;2775;7943;9348;"2022-11-10 14:17:21";FALSE
"18808";"user14102";FALSE;4397;2383;8859;"2014-03-17 13:52:19";FALSE
"18903";"user14168";FALSE;2902;8020;75746;"2016-07-14 08:02:35";FALSE
"18920";"user14179";FALSE;5759;509;89192;"2024-12-08 23:26:17";FALSE
"18921";"user14180";FALSE;2230;2353;24581;"2021-03-29 19:55:48";FALSE
"18948";"user14196";FALSE;1400;8749;27924;"2016-11-18 12:35:05";FALSE
"19009";"user14237";FALSE;7572;1258;80129;"2025-01-26 12:05:00";FALSE
"19025";"user14249";FALSE;2372;3920;23615;"2017-02-21 00:35:11";FALSE
"19059";"user14274";FALSE;3141;919;51404;"2016-09-11 11:33:23";FALSE
"19075";"user14288";FALSE;679;6339;26281;"2011-10-02 02:09:08";FALSE
"19087";"user14294";FALSE;4410;593;64458;"2019-11-20 23:01:14";FALSE
"19103";"user14306";FALSE;7976;3273;49491;"2022-02-17 14:21:38";FALSE
"19111";"user14314";FALSE;1750;4614;33122;"2014-06-05 04:41:38";FALSE
"19133";"user14325";FALSE;954;4802;45241;"2024-09-25 02:28:21";FALSE
"19178";"user14356";FALSE;9249;3884;28774;"2017-04-30 12:12:01";FALSE
"19210";"user14375";FALSE;4622;1507;32686;"2025-12-17 00:24:08";FALSE
"19222";"user14383";FALSE;1613;6105;58596;"2014-08-05 18:14:55";FALSE
"19261";"user14410";FALSE;6354;981;34626;"2021-10-10 04:42:22";FALSE
"19284";"user14426";FALSE;8528;1522;43427;"2020-02-12 01:06:18";FALSE
"19302";"user14438";FALSE;8054;7925;62657;"2012-06-18 13:05:15";FALSE
"19304";"user14440";FALSE;8781;5445;46574;"2025-09-20 15:18:54";FALSE
"19384";"user14500";FALSE;8999;2529;95033;"2024-11-04 16:01:18";FALSE
"19395";"user14506";FALSE;965;226;10992;"2024-03-01 21:35:25";FALSE
"19409";"user14514";FALSE;3717;1080;31730;"2022-07-18 21:37:29";FALSE
"19420";"user14521";FALSE;5437;4223;26740;"2025-06-07 05:02:18";FALSE
"19456";"user14540";FALSE;7737;3274;63733;"2019-12-10 21:31:45";FALSE
"19460";"user14542";TRUE;8163;682;59535;"2015-01-06 16:56:18";FALSE
"19466";"user14547";FALSE;7522;4964;92797;"2018-03-13 01:16:50";FALSE
"19488";"user14560";FALSE;995;2884;80463;"2013-10-15 12:47:43";FALSE
"19503";"user14570";TRUE;7788;8240;54001;"2013-04-05 02:56:49";FALSE
"19513";"user14577";FALSE;8859;431;93540;"2021-03-07 00:37:30";FALSE
"19605";"user14641";FALSE;8032;1306;32522;"2019-07-26 01:09:03";FALSE
"19633";"user14663";FALSE;1571;2738;67303;"2015-10-06 02:49:29";FALSE
"19639";"user14665";FALSE;9883;4450;61223;"2021-10-24 01:27:38";FALSE
"19641";"user14667";FALSE;6592;62;71910;"2016-12-06 12:07:26";FALSE
"19648";"user14670";FALSE;8868;7703;31835;"2013-06-21 09:27:42";FALSE
"19657";"user14674";FALSE;1167;3627;81290;"2013-06-06 20:24:47";FALSE
"19681";"user14693";FALSE;5082;9156;80205;"2023-07-13 18:30:12";FALSE
"19705";"user14709";FALSE;7698;5636;27288;"2020-05-19 18:28:14";FALSE
"19725";"user14719";FALSE;269;7109;69280;"2023-12-15 00:51:06";FALSE
"19731";"user14724";FALSE;4145;7156;92793;"2025-02-08 20:41:43";FALSE
"19747";"user14731";FALSE;1393;6801;99708;"2019-07-03 00:09:38";FALSE
"19754";"user14738";TRUE;3334;3776;17496;"2013-06-08 19:00:46";FALSE
"19768";"user14748";FALSE;8461;2874;2005;"2013-05-11 20:43:47";FALSE
"19777";"user14756";FALSE;6002;1053;1339;"2021-02-13 03:26:36";FALSE
"19786";"user14761";FALSE;4503;4119;53585;"2017-06-04 11:20:26";FALSE
"19810";"user14778";FALSE;202;66;7024;"2017-10-14 07:07:06";FALSE
"19823";"user14785";FALSE;5940;6649;89265;"2025-11-16 18:50:22";FALSE
"19828";"user14788";FALSE;4820;3819;78971;"2018-09-17 22:13:05";FALSE
"19861";"user14808";FALSE;560;4767;11899;"2017-06-20 15:53:51";FALSE
"19918";"user14853";FALSE;8798;2295;72695;"2019-01-17 06:17:52";FALSE
"19940";"user14866";FALSE;7794;7528;26446;"2015-04-28 19:26:22";FALSE
"19981";"user14892";FALSE;4683;280;16796;"2025-02-08 11:39:12";FALSE
"19986";"user14895";FALSE;1477;100;74519;"2025-10-20 17:08:10";FALSE
"19998";"user14905";FALSE;9211;7643;62929;"2014-08-19 14:02:48";FALSE
"20054";"user14944";FALSE;4929;6916;7294;"2024-11-08 18:19:36";FALSE
"20063";"user14949";FALSE;8487;503;17467;"2017-04-02 17:46:59";FALSE
"20065";"user14951";FALSE;7729;1320;41825;"2023-03-27 16:07:00";FALSE
"20077";"user14958";FALSE;3148;8682;15130;"2025-02-04 17:26:55";FALSE
"20088";"user14965";FALSE;9490;4610;14188;"2019-06-28 15:19:00";FALSE
"20107";"user14977";FALSE;2561;110;1555;"2016-06-06 02:03:25";FALSE
"20112";"user14982";FALSE;1137;283;86537;"2015-06-16 22:53:54";FALSE
"20117";"user14986";FALSE;157;6656;183958;"2018-08-22 19:25:10";FALSE
"20155";"user15008";FALSE;9563;4193;171279;"2016-02-15 02:26:20";FALSE
"20166";"user15015";FALSE;864;8711;44742;"2016-01-10 10:55:57";FALSE
"20196";"user15035";FALSE;4068;9003;119083;"2025-05-20 20:34:01";FALSE
"20398";"user15173";FALSE;2539;3620;71497;"2025-12-03 20:26:52";FALSE
"20399";"user15174";FALSE;2223;9761;119107;"2023-11-08 01:10:35";FALSE
"20411";"user15185";FALSE;5376;2269;43096;"2017-02-18 23:09:56";FALSE
"20412";"user15186";FALSE;130;7871;33070;"2021-04-15 02:54:14";FALSE
"20441";"user15208";FALSE;4568;1831;32878;"2025-02-11 16:58:22";FALSE
"20442";"user15209";FALSE;3255;8978;110217;"2024-08-12 21:57:06";FALSE
"20448";"user15214";FALSE;3796;7236;92321;"2024-01-09 20:21:50";FALSE
"20452";"user15217";FALSE;76;2225;37557;"2018-09-19 01:15:00";FALSE
"20465";"user15226";TRUE;3562;9508;54365;"2014-04-22 19:31:31";FALSE
"20469";"user15229";FALSE;5046;2213;72066;"2023-01-18 12:55:04";FALSE
"20473";"user15233";FALSE;2126;3391;179564;"2024-07-04 16:57:05";FALSE
"20480";"user15237";FALSE;4872;5613;46731;"2016-01-04 02:58:52";FALSE
"20555";"user15287";FALSE;1918;3237;93725;"2021-01-30 18:56:55";FALSE
"20563";"user15290";FALSE;171;9659;124348;"2013-07-12 12:53:08";FALSE
"20576";"user15295";FALSE;4003;3981;1673;"2016-06-22 13:58:26";FALSE
"20579";"user15297";FALSE;2302;4411;28458;"2021-03-20 16:35:57";FALSE
"20656";"user15353";FALSE;3260;8988;154159;"2015-05-09 04:11:19";FALSE
"20662";"user15359";FALSE;2558;2709;179025;"2013-09-19 19:33:47";FALSE
"20663";"user15360";FALSE;2922;209;11900;"2020-09-02 16:42:01";FALSE
"20674";"user15369";FALSE;7747;105;75880;"2016-12-30 21:36:02";FALSE
"20722";"user15400";FALSE;8482;1199;96195;"2025-07-31 00:11:26";FALSE
"20768";"user15427";FALSE;9590;5019;76832;"2020-03-23 13:33:21";FALSE
"20773";"user15431";FALSE;7139;6624;168739;"2019-08-31 16:22:03";FALSE
"20809";"user15449";FALSE;3835;309;58251;"2022-02-19 19:08:46";FALSE
"20879";"user15490";FALSE;6392;5813;110251;"2021-07-21 20:37:41";FALSE
"20883";"user15493";FALSE;5068;2307;137410;"2021-06-06 05:29:39";FALSE
"20895";"user15504";FALSE;6541;5112;141719;"2013-05-11 11:01:08";FALSE
"20935";"user15532";FALSE;7021;6931;114286;"2014-12-19 01:30:52";FALSE
"20950";"user15540";FALSE;8436;2505;60469;"2017-09-13 17:19:25";FALSE
"20973";"user15554";FALSE;1833;3840;97555;"2024-07-03 00:15:39";FALSE
"21001";"user15576";FALSE;7062;6464;107231;"2018-02-10 21:56:28";FALSE
"21023";"user15593";TRUE;9704;3681;169910;"2014-12-16 15:58:42";FALSE
"21024";"user15594";FALSE;8387;305;76943;"2013-07-12 14:20:31";FALSE
"21066";"user15620";FALSE;9811;2222;115956;"2021-10-10 11:48:57";FALSE
"21088";"user15635";FALSE;6192;7822;63304;"2013-11-05 16:20:17";FALSE
"21101";"user15645";FALSE;7483;3137;8269;"2015-06-07 18:27:25";FALSE
"21118";"user15654";FALSE;3128;8067;166526;"2020-08-19 15:24:14";FALSE
"21126";"user15661";FALSE;1693;5548;74554;"2018-07-05 18:39:21";FALSE
"21140";"user15669";FALSE;6318;5021;174031;"2025-09-12 00:39:01";FALSE
"21161";"user15682";FALSE;1729;6198;115817;"2021-05-21 21:26:05";FALSE
"21194";"user15704";FALSE;5386;9878;176347;"2025-08-27 16:09:38";FALSE
"21211";"user15714";FALSE;3339;5304;156039;"2024-11-12 18:13:02";FALSE
"21229";"user15729";FALSE;4765;3684;156750;"2022-09-30 23:00:31";FALSE
"21255";"user15747";TRUE;6711;7394;61477;"2018-12-20 19:56:08";FALSE
"21346";"user15807";FALSE;1280;2335;159445;"2022-08-20 02:08:12";FALSE
"21377";"user15833";FALSE;8923;3875;76444;"2019-10-13 08:12:23";FALSE
"21413";"user15854";FALSE;1688;5069;147605;"2016-06-18 09:20:37";FALSE
"21414";"user15855";FALSE;2505;5924;23003;"2023-04-03 21:35:43";FALSE
"21432";"user15870";FALSE;275;3101;186206;"2014-03-08 20:55:26";FALSE
"21436";"user15872";FALSE;6019;5387;81718;"2020-04-13 01:55:11";FALSE
"21454";"user15885";FALSE;8746;6707;28280;"2024-08-02 12:20:47";FALSE
"21456";"user15886";FALSE;183;137;96413;"2025-11-13 13:44:59";FALSE
"21510";"user15917";FALSE;219;3807;13568;"2024-06-15 00:50:22";FALSE
"21555";"user15941";FALSE;5764;7994;135651;"2013-07-12 13:13:34";FALSE
"21589";"user15961";FALSE;9854;6350;64599;"2018-10-01 15:20:57";FALSE
"21603";"user15973";TRUE;9076;3773;119162;"2014-02-03 20:46:59";FALSE
"21605";"user15974";FALSE;2911;5544;99796;"2015-09-23 04:34:31";FALSE
"21608";"user15976";FALSE;2182;1262;45794;"2014-02-18 09:52:08";FALSE
"21609";"user15977";FALSE;2816;3136;183061;"2025-05-19 02:36:20";FALSE
"21624";"user15986";FALSE;7101;5160;190349;"2025-11-13 15:51:06";FALSE
"21682";"user16020";FALSE;8995;7791;104886;"2016-09-25 02:10:17";FALSE
"21685";"user16023";FALSE;9426;6898;31320;"2014-05-06 04:44:36";FALSE
"21717";"user16044";FALSE;9286;6814;105983;"2013-08-29 19:37:39";FALSE
"21719";"user16045";FALSE;9267;9571;56759;"2022-10-15 11:36:10";FALSE
"21780";"user16088";FALSE;4453;6442;28756;"2018-12-12 13:49:35";FALSE
"21791";"user16097";FALSE;1826;8461;95292;"2018-09-19 20:15:13";FALSE
"21809";"user16106";FALSE;9488;6071;192826;"2012-12-03 17:33:04";FALSE
"21822";"user16115";FALSE;2467;6021;10316;"2019-02-12 04:06:33";FALSE
"21871";"user16149";FALSE;5779;2864;167453;"2020-04-25 23:44:07";FALSE
"21918";"user16179";FALSE;5120;566;191689;"2023-10-16 16:25:11";FALSE
"21923";"user16183";FALSE;4227;1634;136513;"2025-02-03 21:49:21";FALSE
"21930";"user16188";FALSE;448;8869;72715;"2018-02-01 01:50:38";FALSE
"21934";"user16191";FALSE;8729;9161;70757;"2015-10-23 06:39:18";FALSE
"21962";"user16209";FALSE;1121;9174;1222;"2021-02-01 16:52:44";FALSE
"21981";"user16225";FALSE;1488;3314;78804;"2022-10-15 14:04:39";FALSE
"21983";"user16227";FALSE;154;612;106841;"2014-08-05 20:13:59";FALSE
"21984";"user16228";FALSE;4704;9848;182741;"2022-03-29 01:05:30";FALSE
"21999";"user16236";FALSE;409;8913;42572;"2025-06-20 06:40:31";FALSE
"22006";"user16240";FALSE;5221;4737;71813;"2013-04-20 16:28:08";FALSE
"22033";"user16257";FALSE;3519;6260;95637;"2023-12-03 09:19:32";FALSE
"22108";"user16300";FALSE;8437;3513;125582;"2017-08-02 17:13:00";FALSE
"22115";"user16306";FALSE;6584;5582;129453;"2023-06-21 00:24:47";FALSE
"22127";"user16315";FALSE;4157;8140;42363;"2015-10-05 15:14:34";FALSE
"22136";"user16321";FALSE;1539;3608;90485;"2022-05-15 03:40:12";FALSE
"22159";"user16341";FALSE;2440;5167;191266;"2022-09-01 12:20:45";FALSE
"22195";"user16365";FALSE;2618;1503;194665;"2024-11-10 20:59:54";FALSE
"22200";"user16369";FALSE;5107;9688;154622;"2015-09-28 16:00:58";FALSE
"22225";"user16383";FALSE;2378;6968;112508;"2018-04-12 15:26:04";FALSE
"22302";"user16427";FALSE;2000;8551;127359;"2019-02-21 06:35:42";FALSE
"22337";"user16446";FALSE;5521;588;124293;"2016-09-20 07:40:38";FALSE
"22391";"user16482";FALSE;5386;5063;173300;"2013-03-02 22:52:37";FALSE
"22396";"user16487";FALSE;3034;432;32694;"2014-04-24 11:52:42";FALSE
"22489";"user16548";FALSE;9084;9147;148265;"2016-07-08 00:27:42";FALSE
"22492";"user16550";FALSE;8040;4732;25490;"2021-04-14 06:34:43";FALSE
"22500";"user16554";FALSE;8960;528;141443;"2014-04-26 02:21:09";FALSE
"22530";"user16572";FALSE;6508;6878;42139;"2021-05-02 19:27:57";FALSE
"22556";"user16589";FALSE;1073;8227;184023;"2024-11-12 23:20:55";FALSE
"22558";"user16591";FALSE;2520;4397;100475;"2016-03-27 11:06:50";FALSE
"22563";"user16596";FALSE;4752;9318;199805;"2014-01-23 02:34:09";FALSE
"22603";"user16623";TRUE;6113;9570;145088;"2013-11-22 16:58:33";FALSE
"22609";"user16627";FALSE;5927;112;88494;"2017-04-10 12:14:24";FALSE
"22616";"user16633";FALSE;4954;579;133357;"2021-04-25 07:46:02";FALSE
"22619";"user16634";FALSE;4872;5157;83245;"2015-08-15 16:50:53";FALSE
"22653";"user16656";FALSE;3686;4119;79704;"2019-11-17 00:19:39";FALSE
"22656";"user16659";FALSE;9252;9859;15721;"2016-11-27 11:36:16";FALSE
"22687";"user16676";FALSE;9773;921;115462;"2022-10-19 17:08:20";FALSE
"22744";"user16710";FALSE;422;7019;107785;"2021-11-03 06:19:24";FALSE
"22835";"user16770";FALSE;2449;2027;5714;"2021-04-11 07:57:57";FALSE
"22844";"user16776";FALSE;9538;8585;67473;"2014-05-19 07:07:48";FALSE
"22895";"user16804";FALSE;4763;3916;124922;"2019-04-19 02:08:30";FALSE
"22937";"user16829";FALSE;9626;5390;173987;"2013-08-13 13:53:51";FALSE
"22997";"user16871";TRUE;144;9487;174100;"2024-08-12 20:10:43";FALSE
"23036";"user16899";FALSE;1881;4141;70116;"2023-06-07 00:30:29";FALSE
"23071";"user16921";FALSE;250;7156;105935;"2017-04-20 18:02:58";FALSE
"23090";"user16933";FALSE;3231;4901;65804;"2016-09-30 22:28:11";FALSE
"23165";"user16988";FALSE;5744;4801;106365;"2021-09-28 13:22:08";FALSE
"23170";"user16993";FALSE;9290;8563;17151;"2020-05-28 04:13:55";FALSE
"23199";"user17012";FALSE;8710;5436;118707;"2017-05-11 09:30:50";FALSE
"23217";"user17022";FALSE;7937;8798;1222;"2025-12-11 19:53:43";FALSE
"23249";"user17041";FALSE;2281;6279;127703;"2026-01-08 08:47:53";FALSE
"23277";"user17054";TRUE;8919;3955;199256;"2014-05-01 10:26:34";FALSE
"23318";"user17084";FALSE;8347;4466;139221;"2023-06-20 09:44:08";FALSE
"23345";"user17103";FALSE;4562;5626;171608;"2018-10-29 03:45:03";FALSE
"23356";"user17111";FALSE;3629;9579;88827;"2017-07-20 12:07:53";FALSE
"23359";"user17113";FALSE;7332;2131;21956;"2023-06-20 20:14:15";FALSE
"23420";"user17151";FALSE;1394;3513;182166;"2024-03-26 19:27:07";FALSE
"23440";"user17167";FALSE;9908;5661;88248;"2025-03-10 10:20:00";FALSE
"23464";"user17187";FALSE;5594;6211;147254;"2020-03-08 14:08:06";FALSE
"23499";"user17211";TRUE;4749;7528;77190;"2019-02-12 16:20:29";FALSE
"23550";"user17239";FALSE;4912;4095;12137;"2024-03-12 00:53:00";FALSE
"23555";"user17242";FALSE;9624;7157;120550;"2022-05-09 09:35:34";FALSE
"23596";"user17274";FALSE;463;6290;32050;"2017-09-24 23:24:08";FALSE
"23620";"user17287";FALSE;6421;7296;181257;"2016-02-17 18:14:04";FALSE
"23634";"user17297";FALSE;8355;2877;40843;"2016-12-14 12:23:17";FALSE
"23667";"user17320";FALSE;8557;4572;76968;"2013-07-12 13:03:04";FALSE
"23693";"user17335";FALSE;3532;2388;105497;"2022-12-01 10:58:03";FALSE
"23735";"user17363";FALSE;3087;8617;180485;"2021-01-23 05:54:18";FALSE
"23753";"user17371";FALSE;5083;4215;95444;"2018-06-06 04:33:34";FALSE
"23758";"user17374";FALSE;2908;9937;18894;"2015-02-12 02:23:28";FALSE
"23801";"user17398";FALSE;3823;3323;158103;"2017-12-03 01:31:27";FALSE
"23807";"user17402";FALSE;1502;2817;99164;"2017-06-27 02:02:34";FALSE
"23843";"user17422";FALSE;896;6262;114514;"2013-07-12 13:55:18";FALSE
"23913";"user17470";FALSE;8739;9603;41198;"2021-07-26 23:18:13";FALSE
"23919";"user17476";FALSE;3011;689;104619;"2023-05-08 22:38:59";FALSE
"23937";"user17485";FALSE;3273;9922;61069;"2015-10-25 22:41:07";FALSE
"23962";"user17500";FALSE;7838;9973;5898;"2014-01-20 18:41:36";FALSE
"23967";"user17504";FALSE;6256;9758;160486;"2016-11-01 21:27:09";FALSE
"23983";"user17517";FALSE;4522;5893;157080;"2025-09-25 21:37:55";FALSE
"23987";"user17521";FALSE;8963;2367;5188;"2013-07-12 13:54:32";FALSE
"24056";"user17563";FALSE;7066;7440;58124;"2016-03-23 14:36:48";FALSE
"24072";"user17576";FALSE;1671;6078;173568;"2013-05-27 06:28:16";FALSE
"24123";"user17606";FALSE;6735;4447;46307;"2020-01-24 12:12:05";FALSE
"24153";"user17628";FALSE;9940;8578;150933;"2013-07-12 13:42:10";FALSE
"24248";"user17693";FALSE;4195;5803;173276;"2015-03-22 16:40:32";FALSE
"24328";"user17746";FALSE;4129;5885;154447;"2024-06-24 06:35:54";FALSE
"24398";"user17787";FALSE;7544;3409;68064;"2013-07-12 14:07:33";FALSE
"24425";"user17803";FALSE;6805;9516;121326;"2016-03-19 17:19:00";FALSE
"24464";"user17826";FALSE;4959;7529;153332;"2024-11-26 05:51:50";FALSE
"24489";"user17843";FALSE;9002;5900;104753;"2025-11-25 02:11:22";FALSE
"24552";"user17876";FALSE;232;2802;23062;"2016-06-08 19:14:31";FALSE
"24615";"user17915";FALSE;3939;7046;27278;"2019-03-18 03:09:48";FALSE
"24624";"user17921";FALSE;261;9352;158272;"2013-04-01 20:49:58";FALSE
"24628";"user17924";FALSE;3406;9559;55161;"2013-12-11 22:07:20";FALSE
"24645";"user17937";FALSE;7613;6834;42085;"2015-11-13 16:51:19";FALSE
"24659";"user17944";FALSE;5488;6203;104221;"2024-03-03 02:20:28";FALSE
"24667";"user17951";FALSE;4167;9920;26572;"2023-03-04 17:15:01";FALSE
"24715";"user17978";FALSE;3199;3079;154508;"2018-06-25 15:40:00";FALSE
"24735";"user17994";FALSE;2727;2955;162040;"2013-07-12 14:15:22";FALSE
"24760";"user18008";FALSE;6157;2186;198225;"2013-04-06 17:52:58";FALSE
"24773";"user18020";FALSE;4991;3232;30592;"2013-05-17 12:22:27";FALSE
"24815";"user18055";FALSE;6942;7351;100146;"2014-07-14 17:15:38";FALSE
"24822";"user18059";FALSE;8839;1326;118711;"2025-12-19 10:42:00";FALSE
"24838";"user18072";FALSE;8379;9040;152239;"2013-07-12 14:36:25";FALSE
"24843";"user18073";FALSE;3943;4577;118886;"2021-06-26 08:17:55";FALSE
"24848";"user18076";FALSE;4800;4541;160070;"2017-03-12 09:29:13";FALSE
"24893";"user18102";TRUE;9540;7039;39810;"2014-04-08 21:29:55";FALSE
"24928";"user18125";FALSE;9909;2423;7897;"2013-04-25 23:57:35";FALSE
"24934";"user18128";FALSE;4069;3464;94404;"2025-12-29 17:05:12";FALSE
"24942";"user18133";FALSE;2028;9249;123937;"2011-05-16 15:52:26";FALSE
"25083";"user18226";FALSE;3359;6432;51907;"2013-05-07 04:35:09";FALSE
"25089";"user18229";FALSE;2147;9355;2375;"2013-07-12 14:39:29";FALSE
"25141";"user18263";FALSE;6299;1629;28742;"2024-03-15 01:59:32";FALSE
"25199";"user18307";FALSE;2285;7473;96895;"2021-03-28 04:23:00";FALSE
"25240";"user18338";FALSE;1249;2914;108437;"2016-11-29 13:41:20";FALSE
"25313";"user18380";TRUE;2241;6828;59577;"2013-09-20 17:21:14";FALSE
"25320";"user18383";FALSE;5701;5296;3909;"2023-01-18 09:39:09";FALSE
"25321";"user18384";FALSE;7573;5886;823;"2021-01-27 08:05:24";FALSE
"25413";"user18454";FALSE;283;5461;117716;"2011-08-03 08:32:42";FALSE
"25420";"user18459";FALSE;1233;1827;36848;"2023-09-02 01:40:11";FALSE
"25488";"user18502";FALSE;1669;76;49508;"2016-03-04 09:56:53";FALSE
"25489";"user18503";FALSE;8142;7781;21047;"2014-12-05 01:21:11";FALSE
"25496";"user18510";FALSE;1197;2577;29338;"2015-12-18 16:47:57";FALSE
"25574";"user18559";FALSE;1091;359;181380;"2015-08-16 09:38:23";FALSE
"25610";"user18585";FALSE;1588;1923;56816;"2020-09-09 17:46:14";FALSE
"25611";"user18586";FALSE;9668;3780;183807;"2025-12-24 17:48:39";FALSE
"25622";"user18594";FALSE;5099;538;3214;"2013-07-12 13:02:35";TRUE
"25637";"user18601";FALSE;8011;3880;80521;"2012-09-14 02:21:55";FALSE
"25649";"user18609";FALSE;6929;7907;34419;"2014-01-13 17:29:28";FALSE
